-- ---------------------------BON-20 - Person Data---------------------------------------
insert into krim_entity_t (`ENTITY_ID`, `OBJ_ID`, `VER_NBR`, `ACTV_IND`, `LAST_UPDT_DT`) values('10088','d619efb2-ebd4-498f-b64f-9c9c075a8bc0','51','Y',NULL);
insert into krim_entity_t (`ENTITY_ID`, `OBJ_ID`, `VER_NBR`, `ACTV_IND`, `LAST_UPDT_DT`) values('10182','08d00ae1-4bb2-4760-83d5-064fdc8d55a4','26','Y',NULL);
insert into krim_entity_t (`ENTITY_ID`, `OBJ_ID`, `VER_NBR`, `ACTV_IND`, `LAST_UPDT_DT`) values('10456','a1bfb72d-617e-4890-bef8-35c96b541515','42','Y',NULL);
insert into krim_entity_t (`ENTITY_ID`, `OBJ_ID`, `VER_NBR`, `ACTV_IND`, `LAST_UPDT_DT`) values('10493','3a28c2c2-de20-422b-8ebc-e46f5a824f07','730','Y',NULL);
insert into krim_entity_t (`ENTITY_ID`, `OBJ_ID`, `VER_NBR`, `ACTV_IND`, `LAST_UPDT_DT`) values('10515','eb832af3-e9d0-47b8-847c-6739214d6ee2','407','Y',NULL);
insert into krim_entity_t (`ENTITY_ID`, `OBJ_ID`, `VER_NBR`, `ACTV_IND`, `LAST_UPDT_DT`) values('10607','11c23b24-dd9e-45e5-b29b-5bcb265e8338','27','Y',NULL);
insert into krim_entity_t (`ENTITY_ID`, `OBJ_ID`, `VER_NBR`, `ACTV_IND`, `LAST_UPDT_DT`) values('13131','45cedd1a-ebda-4e11-b70f-52ecad748c89','22','Y',NULL);
insert into krim_entity_t (`ENTITY_ID`, `OBJ_ID`, `VER_NBR`, `ACTV_IND`, `LAST_UPDT_DT`) values('14082','7e9664e9-05d5-4f22-b394-578c8d6524bb','20','Y',NULL);
insert into krim_entity_t (`ENTITY_ID`, `OBJ_ID`, `VER_NBR`, `ACTV_IND`, `LAST_UPDT_DT`) values('14236','816dfc4f-03db-4425-b15a-a5e8dc31af38','30','Y',NULL);
insert into krim_entity_t (`ENTITY_ID`, `OBJ_ID`, `VER_NBR`, `ACTV_IND`, `LAST_UPDT_DT`) values('15408','9b1323b1-c841-4a41-8d5d-30da71513fb4','41','Y',NULL);
insert into krim_entity_t (`ENTITY_ID`, `OBJ_ID`, `VER_NBR`, `ACTV_IND`, `LAST_UPDT_DT`) values('15767','3e83ad15-f6ea-49f8-849d-449485dc86a0','25','Y',NULL);
insert into krim_entity_t (`ENTITY_ID`, `OBJ_ID`, `VER_NBR`, `ACTV_IND`, `LAST_UPDT_DT`) values('15858','5fd5ea9f-d178-4d8d-b561-6bc4057e457a','19','Y',NULL);
insert into krim_entity_t (`ENTITY_ID`, `OBJ_ID`, `VER_NBR`, `ACTV_IND`, `LAST_UPDT_DT`) values('19116','6d24fb4b-0397-43eb-a3d6-513c58b0e7ac','18','Y',NULL);
insert into krim_entity_t (`ENTITY_ID`, `OBJ_ID`, `VER_NBR`, `ACTV_IND`, `LAST_UPDT_DT`) values('20883','7db0a3e5-a7b9-42c6-836e-b452b14c6eed','30','Y',NULL);
insert into krim_entity_t (`ENTITY_ID`, `OBJ_ID`, `VER_NBR`, `ACTV_IND`, `LAST_UPDT_DT`) values('22524','b7ab95bc-3beb-4e91-a47e-21dd59fab34b','19','Y',NULL);
insert into krim_entity_t (`ENTITY_ID`, `OBJ_ID`, `VER_NBR`, `ACTV_IND`, `LAST_UPDT_DT`) values('24439','8a32179d-1668-41c7-8705-502428e31775','85','Y',NULL);
insert into krim_entity_t (`ENTITY_ID`, `OBJ_ID`, `VER_NBR`, `ACTV_IND`, `LAST_UPDT_DT`) values('24884','60c2b4d1-b614-4d28-9124-1f2caa071505','21','Y',NULL);
insert into krim_entity_t (`ENTITY_ID`, `OBJ_ID`, `VER_NBR`, `ACTV_IND`, `LAST_UPDT_DT`) values('26536','acfef9fb-cf05-4a81-bf86-893be96f7ece','35','Y',NULL);
insert into krim_entity_t (`ENTITY_ID`, `OBJ_ID`, `VER_NBR`, `ACTV_IND`, `LAST_UPDT_DT`) values('27932','c34422d7-10b5-412f-8d20-f5e173cfb528','13','Y',NULL);
insert into krim_entity_t (`ENTITY_ID`, `OBJ_ID`, `VER_NBR`, `ACTV_IND`, `LAST_UPDT_DT`) values('10737','4d1e71df-dc18-45f2-8e1e-1ae0e5440b6f','13','Y',NULL);


insert into KRIM_ENTITY_PRIV_PREF_T (`ENTITY_ID`, `OBJ_ID`, `VER_NBR`, `SUPPRESS_NM_IND`, `SUPPRESS_EMAIL_IND`, `SUPPRESS_ADDR_IND`, `SUPPRESS_PHONE_IND`, `SUPPRESS_PRSNL_IND`, `LAST_UPDT_DT`) values('10088','C93AF1CA-6A89-581D-55AD-B9E480A5BE42','51','N','N','N','N','N',NULL);
insert into KRIM_ENTITY_PRIV_PREF_T (`ENTITY_ID`, `OBJ_ID`, `VER_NBR`, `SUPPRESS_NM_IND`, `SUPPRESS_EMAIL_IND`, `SUPPRESS_ADDR_IND`, `SUPPRESS_PHONE_IND`, `SUPPRESS_PRSNL_IND`, `LAST_UPDT_DT`) values('10182','C4ED6740-8328-E397-A330-712A8A532C5A','26','N','N','N','N','N',NULL);
insert into KRIM_ENTITY_PRIV_PREF_T (`ENTITY_ID`, `OBJ_ID`, `VER_NBR`, `SUPPRESS_NM_IND`, `SUPPRESS_EMAIL_IND`, `SUPPRESS_ADDR_IND`, `SUPPRESS_PHONE_IND`, `SUPPRESS_PRSNL_IND`, `LAST_UPDT_DT`) values('10456','6E3AED37-EBDA-8AF2-9F51-A893B9289418','42','N','N','N','N','N',NULL);
insert into KRIM_ENTITY_PRIV_PREF_T (`ENTITY_ID`, `OBJ_ID`, `VER_NBR`, `SUPPRESS_NM_IND`, `SUPPRESS_EMAIL_IND`, `SUPPRESS_ADDR_IND`, `SUPPRESS_PHONE_IND`, `SUPPRESS_PRSNL_IND`, `LAST_UPDT_DT`) values('10493','DE888C9D-F1EF-249D-189F-713FF64C1556','730','N','N','N','N','N',NULL);
insert into KRIM_ENTITY_PRIV_PREF_T (`ENTITY_ID`, `OBJ_ID`, `VER_NBR`, `SUPPRESS_NM_IND`, `SUPPRESS_EMAIL_IND`, `SUPPRESS_ADDR_IND`, `SUPPRESS_PHONE_IND`, `SUPPRESS_PRSNL_IND`, `LAST_UPDT_DT`) values('10515','96B5E38E-98E5-64D1-A885-1062A46744C7','407','N','N','N','N','N',NULL);
insert into KRIM_ENTITY_PRIV_PREF_T (`ENTITY_ID`, `OBJ_ID`, `VER_NBR`, `SUPPRESS_NM_IND`, `SUPPRESS_EMAIL_IND`, `SUPPRESS_ADDR_IND`, `SUPPRESS_PHONE_IND`, `SUPPRESS_PRSNL_IND`, `LAST_UPDT_DT`) values('10607','35EB13FC-E944-BD73-7E21-9BB0FCB12CC8','27','N','N','N','N','N',NULL);
insert into KRIM_ENTITY_PRIV_PREF_T (`ENTITY_ID`, `OBJ_ID`, `VER_NBR`, `SUPPRESS_NM_IND`, `SUPPRESS_EMAIL_IND`, `SUPPRESS_ADDR_IND`, `SUPPRESS_PHONE_IND`, `SUPPRESS_PRSNL_IND`, `LAST_UPDT_DT`) values('13131','2985B712-F774-E258-EF48-C68636618272','22','N','N','N','N','N',NULL);
insert into KRIM_ENTITY_PRIV_PREF_T (`ENTITY_ID`, `OBJ_ID`, `VER_NBR`, `SUPPRESS_NM_IND`, `SUPPRESS_EMAIL_IND`, `SUPPRESS_ADDR_IND`, `SUPPRESS_PHONE_IND`, `SUPPRESS_PRSNL_IND`, `LAST_UPDT_DT`) values('14082','B23B02E4-EAF8-FDF5-206A-814516106489','20','N','N','N','N','N',NULL);
insert into KRIM_ENTITY_PRIV_PREF_T (`ENTITY_ID`, `OBJ_ID`, `VER_NBR`, `SUPPRESS_NM_IND`, `SUPPRESS_EMAIL_IND`, `SUPPRESS_ADDR_IND`, `SUPPRESS_PHONE_IND`, `SUPPRESS_PRSNL_IND`, `LAST_UPDT_DT`) values('14236','AF62EEDC-B6B9-9F62-B904-13E7F25EAFED','30','N','N','N','N','N',NULL);
insert into KRIM_ENTITY_PRIV_PREF_T (`ENTITY_ID`, `OBJ_ID`, `VER_NBR`, `SUPPRESS_NM_IND`, `SUPPRESS_EMAIL_IND`, `SUPPRESS_ADDR_IND`, `SUPPRESS_PHONE_IND`, `SUPPRESS_PRSNL_IND`, `LAST_UPDT_DT`) values('15408','7E31A843-098A-E282-381D-BE353AE6BD44','41','N','N','N','N','N',NULL);
insert into KRIM_ENTITY_PRIV_PREF_T (`ENTITY_ID`, `OBJ_ID`, `VER_NBR`, `SUPPRESS_NM_IND`, `SUPPRESS_EMAIL_IND`, `SUPPRESS_ADDR_IND`, `SUPPRESS_PHONE_IND`, `SUPPRESS_PRSNL_IND`, `LAST_UPDT_DT`) values('15767','9BF0C24E-DA97-9C0E-FB7F-807CD2C3BD72','25','N','N','N','N','N',NULL);
insert into KRIM_ENTITY_PRIV_PREF_T (`ENTITY_ID`, `OBJ_ID`, `VER_NBR`, `SUPPRESS_NM_IND`, `SUPPRESS_EMAIL_IND`, `SUPPRESS_ADDR_IND`, `SUPPRESS_PHONE_IND`, `SUPPRESS_PRSNL_IND`, `LAST_UPDT_DT`) values('15858','FD6D2108-1299-BD54-8018-49B473B05EC5','19','N','N','N','N','N',NULL);
insert into KRIM_ENTITY_PRIV_PREF_T (`ENTITY_ID`, `OBJ_ID`, `VER_NBR`, `SUPPRESS_NM_IND`, `SUPPRESS_EMAIL_IND`, `SUPPRESS_ADDR_IND`, `SUPPRESS_PHONE_IND`, `SUPPRESS_PRSNL_IND`, `LAST_UPDT_DT`) values('19116','57ECF2B0-B358-2251-66C3-AA35B2E110E8','18','N','N','N','N','N',NULL);
insert into KRIM_ENTITY_PRIV_PREF_T (`ENTITY_ID`, `OBJ_ID`, `VER_NBR`, `SUPPRESS_NM_IND`, `SUPPRESS_EMAIL_IND`, `SUPPRESS_ADDR_IND`, `SUPPRESS_PHONE_IND`, `SUPPRESS_PRSNL_IND`, `LAST_UPDT_DT`) values('20883','AC179572-337F-019F-DD82-35929AB851FC','30','N','N','N','N','N',NULL);
insert into KRIM_ENTITY_PRIV_PREF_T (`ENTITY_ID`, `OBJ_ID`, `VER_NBR`, `SUPPRESS_NM_IND`, `SUPPRESS_EMAIL_IND`, `SUPPRESS_ADDR_IND`, `SUPPRESS_PHONE_IND`, `SUPPRESS_PRSNL_IND`, `LAST_UPDT_DT`) values('22524','04CC632E-62CD-72BB-D4EE-4E9D04DDB00A','19','N','N','N','N','N',NULL);
insert into KRIM_ENTITY_PRIV_PREF_T (`ENTITY_ID`, `OBJ_ID`, `VER_NBR`, `SUPPRESS_NM_IND`, `SUPPRESS_EMAIL_IND`, `SUPPRESS_ADDR_IND`, `SUPPRESS_PHONE_IND`, `SUPPRESS_PRSNL_IND`, `LAST_UPDT_DT`) values('24439','B7486E90-EC30-E9E9-605A-475D7316C094','85','N','N','N','N','N',NULL);
insert into KRIM_ENTITY_PRIV_PREF_T (`ENTITY_ID`, `OBJ_ID`, `VER_NBR`, `SUPPRESS_NM_IND`, `SUPPRESS_EMAIL_IND`, `SUPPRESS_ADDR_IND`, `SUPPRESS_PHONE_IND`, `SUPPRESS_PRSNL_IND`, `LAST_UPDT_DT`) values('24884','273730CE-81D6-2BA0-7E58-BE9C58FC4A14','21','N','N','N','N','N',NULL);
insert into KRIM_ENTITY_PRIV_PREF_T (`ENTITY_ID`, `OBJ_ID`, `VER_NBR`, `SUPPRESS_NM_IND`, `SUPPRESS_EMAIL_IND`, `SUPPRESS_ADDR_IND`, `SUPPRESS_PHONE_IND`, `SUPPRESS_PRSNL_IND`, `LAST_UPDT_DT`) values('26536','D2106D0A-31E4-131A-B8EC-CB94ECDF67C5','35','N','N','N','N','N',NULL);
insert into KRIM_ENTITY_PRIV_PREF_T (`ENTITY_ID`, `OBJ_ID`, `VER_NBR`, `SUPPRESS_NM_IND`, `SUPPRESS_EMAIL_IND`, `SUPPRESS_ADDR_IND`, `SUPPRESS_PHONE_IND`, `SUPPRESS_PRSNL_IND`, `LAST_UPDT_DT`) values('27932','f090fd66-9436-466c-bc35-71b006074e7e','13','N','N','N','N','N',NULL);
insert into KRIM_ENTITY_PRIV_PREF_T (`ENTITY_ID`, `OBJ_ID`, `VER_NBR`, `SUPPRESS_NM_IND`, `SUPPRESS_EMAIL_IND`, `SUPPRESS_ADDR_IND`, `SUPPRESS_PHONE_IND`, `SUPPRESS_PRSNL_IND`, `LAST_UPDT_DT`) values('10737','663A9505-BB1E-63A5-C249-92ED8D4DE858','13','N','N','N','N','N',NULL);


insert into KRIM_PRNCPL_T  (`PRNCPL_ID`, `OBJ_ID`, `VER_NBR`, `PRNCPL_NM`, `ENTITY_ID`, `PRNCPL_PSWD`, `ACTV_IND`, `LAST_UPDT_DT`) values('10000372','F75D3F3D-B1B2-F89C-AC4D-8314A4198B73','51','10000372','10088','','Y',NULL);
insert into KRIM_PRNCPL_T  (`PRNCPL_ID`, `OBJ_ID`, `VER_NBR`, `PRNCPL_NM`, `ENTITY_ID`, `PRNCPL_PSWD`, `ACTV_IND`, `LAST_UPDT_DT`) values('22931902','8A6CBE69-47F8-450F-6048-1877E4698477','26','22931902','10182',NULL,'Y',NULL);
insert into KRIM_PRNCPL_T  (`PRNCPL_ID`, `OBJ_ID`, `VER_NBR`, `PRNCPL_NM`, `ENTITY_ID`, `PRNCPL_PSWD`, `ACTV_IND`, `LAST_UPDT_DT`) values('10515623','776CBDFF-AD4A-4A7E-24E4-F111AFC7A9D4','42','10515623','10456','','Y',NULL);
insert into KRIM_PRNCPL_T  (`PRNCPL_ID`, `OBJ_ID`, `VER_NBR`, `PRNCPL_NM`, `ENTITY_ID`, `PRNCPL_PSWD`, `ACTV_IND`, `LAST_UPDT_DT`) values('13293486','C518E043-93DF-6E0A-6347-B5620FF25E3F','730','13293486','10493',NULL,'Y',NULL);
insert into KRIM_PRNCPL_T  (`PRNCPL_ID`, `OBJ_ID`, `VER_NBR`, `PRNCPL_NM`, `ENTITY_ID`, `PRNCPL_PSWD`, `ACTV_IND`, `LAST_UPDT_DT`) values('10000445','40FCD301-E543-43F9-913B-6681338A3A76','407','10000445','10515',NULL,'Y',NULL);
insert into KRIM_PRNCPL_T  (`PRNCPL_ID`, `OBJ_ID`, `VER_NBR`, `PRNCPL_NM`, `ENTITY_ID`, `PRNCPL_PSWD`, `ACTV_IND`, `LAST_UPDT_DT`) values('12795631','2C367FAD-92FF-D2A5-5433-66AD4FC70B75','27','12795631','10607',NULL,'Y',NULL);
insert into KRIM_PRNCPL_T  (`PRNCPL_ID`, `OBJ_ID`, `VER_NBR`, `PRNCPL_NM`, `ENTITY_ID`, `PRNCPL_PSWD`, `ACTV_IND`, `LAST_UPDT_DT`) values('10952918','FC450BDC-F1EE-0918-B150-568F8E5B02E0','22','10952918','13131',NULL,'Y',NULL);
insert into KRIM_PRNCPL_T  (`PRNCPL_ID`, `OBJ_ID`, `VER_NBR`, `PRNCPL_NM`, `ENTITY_ID`, `PRNCPL_PSWD`, `ACTV_IND`, `LAST_UPDT_DT`) values('12209139','72130E7D-63EF-A1AC-BE81-86ED41ADEDEC','20','12209139','14082',NULL,'Y',NULL);
insert into KRIM_PRNCPL_T  (`PRNCPL_ID`, `OBJ_ID`, `VER_NBR`, `PRNCPL_NM`, `ENTITY_ID`, `PRNCPL_PSWD`, `ACTV_IND`, `LAST_UPDT_DT`) values('12324256','92C8EDBB-75BE-2BF7-233E-FAEA678C8AA4','30','12324256','14236','','Y',NULL);
insert into KRIM_PRNCPL_T  (`PRNCPL_ID`, `OBJ_ID`, `VER_NBR`, `PRNCPL_NM`, `ENTITY_ID`, `PRNCPL_PSWD`, `ACTV_IND`, `LAST_UPDT_DT`) values('12975672','21647BDF-8687-0041-B84D-980EAEA6579F','41','12975672','15408',NULL,'Y',NULL);
insert into KRIM_PRNCPL_T  (`PRNCPL_ID`, `OBJ_ID`, `VER_NBR`, `PRNCPL_NM`, `ENTITY_ID`, `PRNCPL_PSWD`, `ACTV_IND`, `LAST_UPDT_DT`) values('13073656','2B0DB8B5-8A99-A4D1-DC7C-4358ED26AAD7','25','13073656','15767','','Y',NULL);
insert into KRIM_PRNCPL_T  (`PRNCPL_ID`, `OBJ_ID`, `VER_NBR`, `PRNCPL_NM`, `ENTITY_ID`, `PRNCPL_PSWD`, `ACTV_IND`, `LAST_UPDT_DT`) values('13098241','2108F120-50B9-BAEE-14CB-46045F5F0502','19','13098241','15858',NULL,'Y',NULL);
insert into KRIM_PRNCPL_T  (`PRNCPL_ID`, `OBJ_ID`, `VER_NBR`, `PRNCPL_NM`, `ENTITY_ID`, `PRNCPL_PSWD`, `ACTV_IND`, `LAST_UPDT_DT`) values('20670494','B626A220-2837-37E7-459A-0AC20187A71A','18','20670494','19116',NULL,'Y',NULL);
insert into KRIM_PRNCPL_T  (`PRNCPL_ID`, `OBJ_ID`, `VER_NBR`, `PRNCPL_NM`, `ENTITY_ID`, `PRNCPL_PSWD`, `ACTV_IND`, `LAST_UPDT_DT`) values('21310823','6ACBEB23-C09D-A92C-9096-8FE530FF7ECC','30','21310823','20883',NULL,'Y',NULL);
insert into KRIM_PRNCPL_T  (`PRNCPL_ID`, `OBJ_ID`, `VER_NBR`, `PRNCPL_NM`, `ENTITY_ID`, `PRNCPL_PSWD`, `ACTV_IND`, `LAST_UPDT_DT`) values('22282785','6C6C1188-5D68-219A-2EAF-3723719D662F','19','22282785','22524',NULL,'Y',NULL);
insert into KRIM_PRNCPL_T  (`PRNCPL_ID`, `OBJ_ID`, `VER_NBR`, `PRNCPL_NM`, `ENTITY_ID`, `PRNCPL_PSWD`, `ACTV_IND`, `LAST_UPDT_DT`) values('20545770','9E0F015D-D1BB-484D-0489-12CD4F7A0A3D','85','20545770','24439',NULL,'Y',NULL);
insert into KRIM_PRNCPL_T  (`PRNCPL_ID`, `OBJ_ID`, `VER_NBR`, `PRNCPL_NM`, `ENTITY_ID`, `PRNCPL_PSWD`, `ACTV_IND`, `LAST_UPDT_DT`) values('21717125','A1C77E3B-5699-3C64-2D17-0F3A9D1943F6','21','21717125','24884',NULL,'Y',NULL);
insert into KRIM_PRNCPL_T  (`PRNCPL_ID`, `OBJ_ID`, `VER_NBR`, `PRNCPL_NM`, `ENTITY_ID`, `PRNCPL_PSWD`, `ACTV_IND`, `LAST_UPDT_DT`) values('21204748','373FDE6D-6AE9-0526-1CCD-81B4B61F8708','35','21204748','26536',NULL,'Y',NULL);
insert into KRIM_PRNCPL_T  (`PRNCPL_ID`, `OBJ_ID`, `VER_NBR`, `PRNCPL_NM`, `ENTITY_ID`, `PRNCPL_PSWD`, `ACTV_IND`, `LAST_UPDT_DT`) values('24296546','f35b2204-844c-4c95-bfc4-302b6b90bf81','13','24296546','27932',NULL,'Y',NULL);
insert into KRIM_PRNCPL_T  (`PRNCPL_ID`, `OBJ_ID`, `VER_NBR`, `PRNCPL_NM`, `ENTITY_ID`, `PRNCPL_PSWD`, `ACTV_IND`, `LAST_UPDT_DT`) values('12927252','E5B47577-81EF-884B-4842-EAC0B0C5A2A2','13','12927252','10737',NULL,'Y',NULL);


insert into KRIM_ENTITY_AFLTN_T  (`ENTITY_AFLTN_ID`, `OBJ_ID`, `VER_NBR`, `ENTITY_ID`, `AFLTN_TYP_CD`, `CAMPUS_CD`, `DFLT_IND`, `ACTV_IND`, `LAST_UPDT_DT`) values('10034','a6c801ab-7c3f-4ede-870a-95837ecefa22','51','10088','STAFF','I','Y','Y',NULL);
insert into KRIM_ENTITY_AFLTN_T  (`ENTITY_AFLTN_ID`, `OBJ_ID`, `VER_NBR`, `ENTITY_ID`, `AFLTN_TYP_CD`, `CAMPUS_CD`, `DFLT_IND`, `ACTV_IND`, `LAST_UPDT_DT`) values('10100','2c826734-ab44-457a-8134-bcd8a90259d2','26','10182','STAFF','I','Y','Y',NULL);
insert into KRIM_ENTITY_AFLTN_T  (`ENTITY_AFLTN_ID`, `OBJ_ID`, `VER_NBR`, `ENTITY_ID`, `AFLTN_TYP_CD`, `CAMPUS_CD`, `DFLT_IND`, `ACTV_IND`, `LAST_UPDT_DT`) values('10347','736f9eef-2045-45ba-b568-5d4e52fe5f5e','26','10456','STAFF','I','Y','Y',NULL);
insert into KRIM_ENTITY_AFLTN_T  (`ENTITY_AFLTN_ID`, `OBJ_ID`, `VER_NBR`, `ENTITY_ID`, `AFLTN_TYP_CD`, `CAMPUS_CD`, `DFLT_IND`, `ACTV_IND`, `LAST_UPDT_DT`) values('10413','6317cea7-1f3c-4566-8e6e-e2156aeda5bb','730','10493','STAFF','I','Y','Y',NULL);
insert into KRIM_ENTITY_AFLTN_T  (`ENTITY_AFLTN_ID`, `OBJ_ID`, `VER_NBR`, `ENTITY_ID`, `AFLTN_TYP_CD`, `CAMPUS_CD`, `DFLT_IND`, `ACTV_IND`, `LAST_UPDT_DT`) values('10470','4171c7bb-071d-44a6-bfa2-1d22df5ac7bb','407','10515','STAFF','I','Y','Y',NULL);
insert into KRIM_ENTITY_AFLTN_T  (`ENTITY_AFLTN_ID`, `OBJ_ID`, `VER_NBR`, `ENTITY_ID`, `AFLTN_TYP_CD`, `CAMPUS_CD`, `DFLT_IND`, `ACTV_IND`, `LAST_UPDT_DT`) values('10735','4d94791d-c7bb-4711-bd11-5aa9e1eb43a1','27','10607','STAFF','I','Y','Y',NULL);
insert into KRIM_ENTITY_AFLTN_T  (`ENTITY_AFLTN_ID`, `OBJ_ID`, `VER_NBR`, `ENTITY_ID`, `AFLTN_TYP_CD`, `CAMPUS_CD`, `DFLT_IND`, `ACTV_IND`, `LAST_UPDT_DT`) values('18988','61d4f725-b79d-44b3-ada6-74f8499f8256','22','13131','STAFF','I','Y','Y',NULL);
insert into KRIM_ENTITY_AFLTN_T  (`ENTITY_AFLTN_ID`, `OBJ_ID`, `VER_NBR`, `ENTITY_ID`, `AFLTN_TYP_CD`, `CAMPUS_CD`, `DFLT_IND`, `ACTV_IND`, `LAST_UPDT_DT`) values('21849','bafe60a1-8509-4458-b8f0-4c7ce6b460fb','20','14082','STAFF','I','Y','Y',NULL);
insert into KRIM_ENTITY_AFLTN_T  (`ENTITY_AFLTN_ID`, `OBJ_ID`, `VER_NBR`, `ENTITY_ID`, `AFLTN_TYP_CD`, `CAMPUS_CD`, `DFLT_IND`, `ACTV_IND`, `LAST_UPDT_DT`) values('63481','c134f275-92be-4983-8cb5-2f6bef28d5c9','27','14236','STAFF','I','Y','Y',NULL);
insert into KRIM_ENTITY_AFLTN_T  (`ENTITY_AFLTN_ID`, `OBJ_ID`, `VER_NBR`, `ENTITY_ID`, `AFLTN_TYP_CD`, `CAMPUS_CD`, `DFLT_IND`, `ACTV_IND`, `LAST_UPDT_DT`) values('25797','57a4eb79-87bc-46b3-a09e-aafb7402ea51','41','15408','STAFF','I','Y','Y',NULL);
insert into KRIM_ENTITY_AFLTN_T  (`ENTITY_AFLTN_ID`, `OBJ_ID`, `VER_NBR`, `ENTITY_ID`, `AFLTN_TYP_CD`, `CAMPUS_CD`, `DFLT_IND`, `ACTV_IND`, `LAST_UPDT_DT`) values('27040','c07c926f-8173-436c-bbbf-f3380f7c5bcb','25','15767','STAFF','I','Y','Y',NULL);
insert into KRIM_ENTITY_AFLTN_T  (`ENTITY_AFLTN_ID`, `OBJ_ID`, `VER_NBR`, `ENTITY_ID`, `AFLTN_TYP_CD`, `CAMPUS_CD`, `DFLT_IND`, `ACTV_IND`, `LAST_UPDT_DT`) values('27336','d99313c2-bf8d-4762-9b5d-8c15e159ecde','19','15858','STAFF','I','Y','Y',NULL);
insert into KRIM_ENTITY_AFLTN_T  (`ENTITY_AFLTN_ID`, `OBJ_ID`, `VER_NBR`, `ENTITY_ID`, `AFLTN_TYP_CD`, `CAMPUS_CD`, `DFLT_IND`, `ACTV_IND`, `LAST_UPDT_DT`) values('37881','74cc75fc-67f6-4c0d-83c6-f2ae9ca1cc1f','18','19116','STAFF','I','Y','Y',NULL);
insert into KRIM_ENTITY_AFLTN_T  (`ENTITY_AFLTN_ID`, `OBJ_ID`, `VER_NBR`, `ENTITY_ID`, `AFLTN_TYP_CD`, `CAMPUS_CD`, `DFLT_IND`, `ACTV_IND`, `LAST_UPDT_DT`) values('42714','bf0daff0-23c9-464b-ad4e-9af7170b5096','30','20883','STAFF','I','Y','Y',NULL);
insert into KRIM_ENTITY_AFLTN_T  (`ENTITY_AFLTN_ID`, `OBJ_ID`, `VER_NBR`, `ENTITY_ID`, `AFLTN_TYP_CD`, `CAMPUS_CD`, `DFLT_IND`, `ACTV_IND`, `LAST_UPDT_DT`) values('46489','a4ab912c-26d7-48a3-a13e-db8ca613bb14','19','22524','STAFF','I','Y','Y',NULL);
insert into KRIM_ENTITY_AFLTN_T  (`ENTITY_AFLTN_ID`, `OBJ_ID`, `VER_NBR`, `ENTITY_ID`, `AFLTN_TYP_CD`, `CAMPUS_CD`, `DFLT_IND`, `ACTV_IND`, `LAST_UPDT_DT`) values('69035','418ab5be-3e62-4b12-a339-13a47348626a','78','24439','STAFF','I','Y','Y',NULL);
insert into KRIM_ENTITY_AFLTN_T  (`ENTITY_AFLTN_ID`, `OBJ_ID`, `VER_NBR`, `ENTITY_ID`, `AFLTN_TYP_CD`, `CAMPUS_CD`, `DFLT_IND`, `ACTV_IND`, `LAST_UPDT_DT`) values('148772','8dea1e55-1a76-429b-b20a-b906a405ee0a','10','24884','STAFF','I','Y','Y',NULL);
insert into KRIM_ENTITY_AFLTN_T  (`ENTITY_AFLTN_ID`, `OBJ_ID`, `VER_NBR`, `ENTITY_ID`, `AFLTN_TYP_CD`, `CAMPUS_CD`, `DFLT_IND`, `ACTV_IND`, `LAST_UPDT_DT`) values('94865','54e854da-2738-4347-ae1a-f6b5c8698732','35','26536','STAFF','I','Y','Y',NULL);
insert into KRIM_ENTITY_AFLTN_T  (`ENTITY_AFLTN_ID`, `OBJ_ID`, `VER_NBR`, `ENTITY_ID`, `AFLTN_TYP_CD`, `CAMPUS_CD`, `DFLT_IND`, `ACTV_IND`, `LAST_UPDT_DT`) values('148802','3a132587-4e26-4660-8f5e-17971438f4e9','12','27932','STAFF','I','Y','Y',NULL);
insert into KRIM_ENTITY_AFLTN_T  (`ENTITY_AFLTN_ID`, `OBJ_ID`, `VER_NBR`, `ENTITY_ID`, `AFLTN_TYP_CD`, `CAMPUS_CD`, `DFLT_IND`, `ACTV_IND`, `LAST_UPDT_DT`) values('11145','93dd6a4e-8ab7-405f-a68c-6f0387e34544','12','10737','STAFF','I','Y','Y',NULL);

insert into KRIM_ENTITY_NM_T (`ENTITY_NM_ID`, `OBJ_ID`, `VER_NBR`, `ENTITY_ID`, `NM_TYP_CD`, `FIRST_NM`, `MIDDLE_NM`, `LAST_NM`, `SUFFIX_NM`, `PREFIX_NM`, `DFLT_IND`, `ACTV_IND`, `LAST_UPDT_DT`, `TITLE_NM`, `NOTE_MSG`, `NM_CHNG_DT`) values('10029','afb57b96-483e-4ee9-bec0-6cfb0a465242','51','10088','PRM','ANNA-MARIE ',NULL,'BELL',NULL,'4836','Y','Y',NULL,NULL,NULL,NULL);
insert into KRIM_ENTITY_NM_T (`ENTITY_NM_ID`, `OBJ_ID`, `VER_NBR`, `ENTITY_ID`, `NM_TYP_CD`, `FIRST_NM`, `MIDDLE_NM`, `LAST_NM`, `SUFFIX_NM`, `PREFIX_NM`, `DFLT_IND`, `ACTV_IND`, `LAST_UPDT_DT`, `TITLE_NM`, `NOTE_MSG`, `NM_CHNG_DT`) values('10055','f59c4ce7-bba7-441d-a4eb-fe719c96734a','26','10182','PRM','NINA',NULL,'GELDERBLOEM',NULL,'4824','Y','Y',NULL,NULL,NULL,NULL);
insert into KRIM_ENTITY_NM_T (`ENTITY_NM_ID`, `OBJ_ID`, `VER_NBR`, `ENTITY_ID`, `NM_TYP_CD`, `FIRST_NM`, `MIDDLE_NM`, `LAST_NM`, `SUFFIX_NM`, `PREFIX_NM`, `DFLT_IND`, `ACTV_IND`, `LAST_UPDT_DT`, `TITLE_NM`, `NOTE_MSG`, `NM_CHNG_DT`) values('10139','f1d61bb3-e898-423d-8fda-396a9cda902d','42','10456','PRM','MARGARETHA CATHARINA',NULL,'RICHARDS',NULL,'4836','Y','Y',NULL,NULL,NULL,NULL);
insert into KRIM_ENTITY_NM_T (`ENTITY_NM_ID`, `OBJ_ID`, `VER_NBR`, `ENTITY_ID`, `NM_TYP_CD`, `FIRST_NM`, `MIDDLE_NM`, `LAST_NM`, `SUFFIX_NM`, `PREFIX_NM`, `DFLT_IND`, `ACTV_IND`, `LAST_UPDT_DT`, `TITLE_NM`, `NOTE_MSG`, `NM_CHNG_DT`) values('10165','52aff10f-81ee-4d1e-a0b5-b6d201574a17','730','10493','PRM','CAROLYN ',NULL,'JANSE VAN VUUREN',NULL,'4836','Y','Y',NULL,NULL,NULL,NULL);
insert into KRIM_ENTITY_NM_T (`ENTITY_NM_ID`, `OBJ_ID`, `VER_NBR`, `ENTITY_ID`, `NM_TYP_CD`, `FIRST_NM`, `MIDDLE_NM`, `LAST_NM`, `SUFFIX_NM`, `PREFIX_NM`, `DFLT_IND`, `ACTV_IND`, `LAST_UPDT_DT`, `TITLE_NM`, `NOTE_MSG`, `NM_CHNG_DT`) values('10187','6a67497f-a46f-462c-8797-235a17c6c824','407','10515','PRM','MARIA JOHANNA CATHARINA',NULL,'PRINSLOO',NULL,'4836','Y','Y',NULL,NULL,NULL,NULL);
insert into KRIM_ENTITY_NM_T (`ENTITY_NM_ID`, `OBJ_ID`, `VER_NBR`, `ENTITY_ID`, `NM_TYP_CD`, `FIRST_NM`, `MIDDLE_NM`, `LAST_NM`, `SUFFIX_NM`, `PREFIX_NM`, `DFLT_IND`, `ACTV_IND`, `LAST_UPDT_DT`, `TITLE_NM`, `NOTE_MSG`, `NM_CHNG_DT`) values('10275','226ec615-7495-4fec-8e21-dc1d31a7086d','27','10607','PRM','ROALD',NULL,'VAN DEN BERG',NULL,'4815','Y','Y',NULL,NULL,NULL,NULL);
insert into KRIM_ENTITY_NM_T (`ENTITY_NM_ID`, `OBJ_ID`, `VER_NBR`, `ENTITY_ID`, `NM_TYP_CD`, `FIRST_NM`, `MIDDLE_NM`, `LAST_NM`, `SUFFIX_NM`, `PREFIX_NM`, `DFLT_IND`, `ACTV_IND`, `LAST_UPDT_DT`, `TITLE_NM`, `NOTE_MSG`, `NM_CHNG_DT`) values('12790','c63f0fec-2e7c-4cc0-b114-57300cc4ed89','22','13131','PRM','JOHAN ',NULL,'OOSTHUYSEN',NULL,'4815','Y','Y',NULL,NULL,NULL,NULL);
insert into KRIM_ENTITY_NM_T (`ENTITY_NM_ID`, `OBJ_ID`, `VER_NBR`, `ENTITY_ID`, `NM_TYP_CD`, `FIRST_NM`, `MIDDLE_NM`, `LAST_NM`, `SUFFIX_NM`, `PREFIX_NM`, `DFLT_IND`, `ACTV_IND`, `LAST_UPDT_DT`, `TITLE_NM`, `NOTE_MSG`, `NM_CHNG_DT`) values('13741','0ca9be50-7495-4689-a2a7-1206db3314cf','20','14082','PRM','ALTA ',NULL,'ENSLIN',NULL,'4836','Y','Y',NULL,NULL,NULL,NULL);
insert into KRIM_ENTITY_NM_T (`ENTITY_NM_ID`, `OBJ_ID`, `VER_NBR`, `ENTITY_ID`, `NM_TYP_CD`, `FIRST_NM`, `MIDDLE_NM`, `LAST_NM`, `SUFFIX_NM`, `PREFIX_NM`, `DFLT_IND`, `ACTV_IND`, `LAST_UPDT_DT`, `TITLE_NM`, `NOTE_MSG`, `NM_CHNG_DT`) values('13895','e1b94b93-5bee-4eda-a7f7-f33562a93f17','30','14236','PRM','JENNY ',NULL,'COETZER',NULL,'4824','Y','Y',NULL,NULL,NULL,NULL);
insert into KRIM_ENTITY_NM_T (`ENTITY_NM_ID`, `OBJ_ID`, `VER_NBR`, `ENTITY_ID`, `NM_TYP_CD`, `FIRST_NM`, `MIDDLE_NM`, `LAST_NM`, `SUFFIX_NM`, `PREFIX_NM`, `DFLT_IND`, `ACTV_IND`, `LAST_UPDT_DT`, `TITLE_NM`, `NOTE_MSG`, `NM_CHNG_DT`) values('15067','ac7130c7-2300-43fd-b0d7-3d2b6c6601fe','41','15408','PRM','JEAN HENDRIK JAKOBUS',NULL,'RAATH',NULL,'4815','Y','Y',NULL,NULL,NULL,NULL);
insert into KRIM_ENTITY_NM_T (`ENTITY_NM_ID`, `OBJ_ID`, `VER_NBR`, `ENTITY_ID`, `NM_TYP_CD`, `FIRST_NM`, `MIDDLE_NM`, `LAST_NM`, `SUFFIX_NM`, `PREFIX_NM`, `DFLT_IND`, `ACTV_IND`, `LAST_UPDT_DT`, `TITLE_NM`, `NOTE_MSG`, `NM_CHNG_DT`) values('15426','639be91a-9e58-478a-bccb-14bef465c632','25','15767','PRM','GERT HENDRIK',NULL,'MEIRING',NULL,'4815','Y','Y',NULL,NULL,NULL,NULL);
insert into KRIM_ENTITY_NM_T (`ENTITY_NM_ID`, `OBJ_ID`, `VER_NBR`, `ENTITY_ID`, `NM_TYP_CD`, `FIRST_NM`, `MIDDLE_NM`, `LAST_NM`, `SUFFIX_NM`, `PREFIX_NM`, `DFLT_IND`, `ACTV_IND`, `LAST_UPDT_DT`, `TITLE_NM`, `NOTE_MSG`, `NM_CHNG_DT`) values('15517','cea1ea3d-6686-4856-9c59-ae38986b1e21','19','15858','PRM','ADRIAAN STEPHANUS',NULL,'ENGELBRECHT',NULL,'4815','Y','Y',NULL,NULL,NULL,NULL);
insert into KRIM_ENTITY_NM_T (`ENTITY_NM_ID`, `OBJ_ID`, `VER_NBR`, `ENTITY_ID`, `NM_TYP_CD`, `FIRST_NM`, `MIDDLE_NM`, `LAST_NM`, `SUFFIX_NM`, `PREFIX_NM`, `DFLT_IND`, `ACTV_IND`, `LAST_UPDT_DT`, `TITLE_NM`, `NOTE_MSG`, `NM_CHNG_DT`) values('18775','b6d05f17-d7af-4132-bd97-da43c2b4cdb6','18','19116','PRM','LIAAN LLEWELLYN',NULL,'FOURIE',NULL,'4815','Y','Y',NULL,NULL,NULL,NULL);
insert into KRIM_ENTITY_NM_T (`ENTITY_NM_ID`, `OBJ_ID`, `VER_NBR`, `ENTITY_ID`, `NM_TYP_CD`, `FIRST_NM`, `MIDDLE_NM`, `LAST_NM`, `SUFFIX_NM`, `PREFIX_NM`, `DFLT_IND`, `ACTV_IND`, `LAST_UPDT_DT`, `TITLE_NM`, `NOTE_MSG`, `NM_CHNG_DT`) values('20542','8fdd6cd8-4587-457f-a377-8304e8a20491','30','20883','PRM','DANIEL ELARDUS',NULL,'DE WET',NULL,'4815','Y','Y',NULL,NULL,NULL,NULL);
insert into KRIM_ENTITY_NM_T (`ENTITY_NM_ID`, `OBJ_ID`, `VER_NBR`, `ENTITY_ID`, `NM_TYP_CD`, `FIRST_NM`, `MIDDLE_NM`, `LAST_NM`, `SUFFIX_NM`, `PREFIX_NM`, `DFLT_IND`, `ACTV_IND`, `LAST_UPDT_DT`, `TITLE_NM`, `NOTE_MSG`, `NM_CHNG_DT`) values('22183','159da698-8faa-40e8-87fd-78fb0dcfe5d3','19','22524','PRM','BASHIR AHMED',NULL,'AHMED',NULL,'4815','Y','Y',NULL,NULL,NULL,NULL);
insert into KRIM_ENTITY_NM_T (`ENTITY_NM_ID`, `OBJ_ID`, `VER_NBR`, `ENTITY_ID`, `NM_TYP_CD`, `FIRST_NM`, `MIDDLE_NM`, `LAST_NM`, `SUFFIX_NM`, `PREFIX_NM`, `DFLT_IND`, `ACTV_IND`, `LAST_UPDT_DT`, `TITLE_NM`, `NOTE_MSG`, `NM_CHNG_DT`) values('24057','8540b7c0-c07b-465e-bdb2-c85e9defbae0','85','24439','PRM','BAREND JOHANNES',NULL,'VORSTER',NULL,'4815','Y','Y',NULL,NULL,NULL,NULL);
insert into KRIM_ENTITY_NM_T (`ENTITY_NM_ID`, `OBJ_ID`, `VER_NBR`, `ENTITY_ID`, `NM_TYP_CD`, `FIRST_NM`, `MIDDLE_NM`, `LAST_NM`, `SUFFIX_NM`, `PREFIX_NM`, `DFLT_IND`, `ACTV_IND`, `LAST_UPDT_DT`, `TITLE_NM`, `NOTE_MSG`, `NM_CHNG_DT`) values('24493','88f99028-7bee-466e-8ea3-0e2998d729fe','21','24884','PRM','ARMANDO ',NULL,'HOMANN',NULL,'4815','Y','Y',NULL,NULL,NULL,NULL);
insert into KRIM_ENTITY_NM_T (`ENTITY_NM_ID`, `OBJ_ID`, `VER_NBR`, `ENTITY_ID`, `NM_TYP_CD`, `FIRST_NM`, `MIDDLE_NM`, `LAST_NM`, `SUFFIX_NM`, `PREFIX_NM`, `DFLT_IND`, `ACTV_IND`, `LAST_UPDT_DT`, `TITLE_NM`, `NOTE_MSG`, `NM_CHNG_DT`) values('26011','26188cc8-a0d0-4f10-b7e3-4c9c33c4862f','35','26536','PRM','KARL FRIEDRICH',NULL,'VAN DER MERWE',NULL,'4815','Y','Y',NULL,NULL,NULL,NULL);
insert into KRIM_ENTITY_NM_T (`ENTITY_NM_ID`, `OBJ_ID`, `VER_NBR`, `ENTITY_ID`, `NM_TYP_CD`, `FIRST_NM`, `MIDDLE_NM`, `LAST_NM`, `SUFFIX_NM`, `PREFIX_NM`, `DFLT_IND`, `ACTV_IND`, `LAST_UPDT_DT`, `TITLE_NM`, `NOTE_MSG`, `NM_CHNG_DT`) values('27314','a26e3b18-e578-4d9e-be1e-1de00c27b61e','13','27932','PRM','DYLAN ',NULL,'VILJOEN',NULL,'4815','Y','Y',NULL,NULL,NULL,NULL);
insert into KRIM_ENTITY_NM_T (`ENTITY_NM_ID`, `OBJ_ID`, `VER_NBR`, `ENTITY_ID`, `NM_TYP_CD`, `FIRST_NM`, `MIDDLE_NM`, `LAST_NM`, `SUFFIX_NM`, `PREFIX_NM`, `DFLT_IND`, `ACTV_IND`, `LAST_UPDT_DT`, `TITLE_NM`, `NOTE_MSG`, `NM_CHNG_DT`) values('10405','fba92f93-5b12-4f03-a2c8-78f36a0462a7','13','10737','PRM','JOHANN ',NULL,'OLIVIER',NULL,'4815','Y','Y',NULL,NULL,NULL,NULL);

insert into KRIM_ENTITY_ENT_TYP_T (`ENT_TYP_CD`, `ENTITY_ID`, `OBJ_ID`, `VER_NBR`, `ACTV_IND`, `LAST_UPDT_DT`) values('PERSON','10088','4d54aff0-d1ba-4ad1-883c-42ad80fbdf0e','51','Y',NULL);
insert into KRIM_ENTITY_ENT_TYP_T (`ENT_TYP_CD`, `ENTITY_ID`, `OBJ_ID`, `VER_NBR`, `ACTV_IND`, `LAST_UPDT_DT`) values('PERSON','10182','1ccfa56b-e7e9-42b0-8925-a20e08c76ac7','26','Y',NULL);
insert into KRIM_ENTITY_ENT_TYP_T (`ENT_TYP_CD`, `ENTITY_ID`, `OBJ_ID`, `VER_NBR`, `ACTV_IND`, `LAST_UPDT_DT`) values('PERSON','10456','13d49770-524a-4ec4-9f19-27a39aa7f29c','42','Y',NULL);
insert into KRIM_ENTITY_ENT_TYP_T (`ENT_TYP_CD`, `ENTITY_ID`, `OBJ_ID`, `VER_NBR`, `ACTV_IND`, `LAST_UPDT_DT`) values('PERSON','10493','6a007113-0141-4294-974d-79509c294dcd','730','Y',NULL);
insert into KRIM_ENTITY_ENT_TYP_T (`ENT_TYP_CD`, `ENTITY_ID`, `OBJ_ID`, `VER_NBR`, `ACTV_IND`, `LAST_UPDT_DT`) values('PERSON','10515','d949c38b-816e-468e-b2a3-050dccfdc50e','407','Y',NULL);
insert into KRIM_ENTITY_ENT_TYP_T (`ENT_TYP_CD`, `ENTITY_ID`, `OBJ_ID`, `VER_NBR`, `ACTV_IND`, `LAST_UPDT_DT`) values('PERSON','10607','dfa5e21b-e48d-4ff5-9dab-170a0e60af70','27','Y',NULL);
insert into KRIM_ENTITY_ENT_TYP_T (`ENT_TYP_CD`, `ENTITY_ID`, `OBJ_ID`, `VER_NBR`, `ACTV_IND`, `LAST_UPDT_DT`) values('PERSON','13131','373e5d94-8836-4df5-a30e-fa1e14c8f4df','22','Y',NULL);
insert into KRIM_ENTITY_ENT_TYP_T (`ENT_TYP_CD`, `ENTITY_ID`, `OBJ_ID`, `VER_NBR`, `ACTV_IND`, `LAST_UPDT_DT`) values('PERSON','14082','cba3b47f-bddc-48eb-9e67-31f42b69105e','20','Y',NULL);
insert into KRIM_ENTITY_ENT_TYP_T (`ENT_TYP_CD`, `ENTITY_ID`, `OBJ_ID`, `VER_NBR`, `ACTV_IND`, `LAST_UPDT_DT`) values('PERSON','14236','860a5ed6-2353-4b37-8b7a-5ec05e9da137','30','Y',NULL);
insert into KRIM_ENTITY_ENT_TYP_T (`ENT_TYP_CD`, `ENTITY_ID`, `OBJ_ID`, `VER_NBR`, `ACTV_IND`, `LAST_UPDT_DT`) values('PERSON','15408','158a2353-d654-4916-ab78-bfb06c666011','41','Y',NULL);
insert into KRIM_ENTITY_ENT_TYP_T (`ENT_TYP_CD`, `ENTITY_ID`, `OBJ_ID`, `VER_NBR`, `ACTV_IND`, `LAST_UPDT_DT`) values('PERSON','15767','9861ff2a-36a8-47b4-8bf3-adba1213d200','25','Y',NULL);
insert into KRIM_ENTITY_ENT_TYP_T (`ENT_TYP_CD`, `ENTITY_ID`, `OBJ_ID`, `VER_NBR`, `ACTV_IND`, `LAST_UPDT_DT`) values('PERSON','15858','3d18e016-41d6-46eb-bb29-b7163c8dda36','19','Y',NULL);
insert into KRIM_ENTITY_ENT_TYP_T (`ENT_TYP_CD`, `ENTITY_ID`, `OBJ_ID`, `VER_NBR`, `ACTV_IND`, `LAST_UPDT_DT`) values('PERSON','19116','cce2e6bd-af92-434e-95dd-ef4a46643bb1','18','Y',NULL);
insert into KRIM_ENTITY_ENT_TYP_T (`ENT_TYP_CD`, `ENTITY_ID`, `OBJ_ID`, `VER_NBR`, `ACTV_IND`, `LAST_UPDT_DT`) values('PERSON','20883','2f37db0c-19e2-496f-ad2e-7622a98782ba','30','Y',NULL);
insert into KRIM_ENTITY_ENT_TYP_T (`ENT_TYP_CD`, `ENTITY_ID`, `OBJ_ID`, `VER_NBR`, `ACTV_IND`, `LAST_UPDT_DT`) values('PERSON','22524','5018256c-7b1f-4d54-8add-b65a13807baf','19','Y',NULL);
insert into KRIM_ENTITY_ENT_TYP_T (`ENT_TYP_CD`, `ENTITY_ID`, `OBJ_ID`, `VER_NBR`, `ACTV_IND`, `LAST_UPDT_DT`) values('PERSON','24439','205e4ded-e267-4d33-8a38-64e387d8cec9','85','Y',NULL);
insert into KRIM_ENTITY_ENT_TYP_T (`ENT_TYP_CD`, `ENTITY_ID`, `OBJ_ID`, `VER_NBR`, `ACTV_IND`, `LAST_UPDT_DT`) values('PERSON','24884','04b71d21-389b-42fe-939b-2602b231dd21','21','Y',NULL);
insert into KRIM_ENTITY_ENT_TYP_T (`ENT_TYP_CD`, `ENTITY_ID`, `OBJ_ID`, `VER_NBR`, `ACTV_IND`, `LAST_UPDT_DT`) values('PERSON','26536','6ad59dbc-bcff-42dc-a868-4e8dae36c2c4','35','Y',NULL);
insert into KRIM_ENTITY_ENT_TYP_T (`ENT_TYP_CD`, `ENTITY_ID`, `OBJ_ID`, `VER_NBR`, `ACTV_IND`, `LAST_UPDT_DT`) values('PERSON','27932','b948d95d-58a1-4f88-b318-85bd3c47cadd','13','Y',NULL);
insert into KRIM_ENTITY_ENT_TYP_T (`ENT_TYP_CD`, `ENTITY_ID`, `OBJ_ID`, `VER_NBR`, `ACTV_IND`, `LAST_UPDT_DT`) values('PERSON','10737','d50f84d1-43f7-45fb-801c-26ef3eb65e62','13','Y',NULL);


insert into KRIM_ENTITY_EMAIL_T (`ENTITY_EMAIL_ID`, `OBJ_ID`, `VER_NBR`, `ENTITY_ID`, `ENT_TYP_CD`, `EMAIL_TYP_CD`, `EMAIL_ADDR`, `DFLT_IND`, `ACTV_IND`, `LAST_UPDT_DT`) values('10004','97b442d5-0e73-41a3-86f1-818b615f6673','51','10088','PERSON','WRK','10000372@nwu.ac.za','Y','Y',NULL);
insert into KRIM_ENTITY_EMAIL_T (`ENTITY_EMAIL_ID`, `OBJ_ID`, `VER_NBR`, `ENTITY_ID`, `ENT_TYP_CD`, `EMAIL_TYP_CD`, `EMAIL_ADDR`, `DFLT_IND`, `ACTV_IND`, `LAST_UPDT_DT`) values('10075','62f5027f-667c-4f88-a628-a28a6c81c9f2','42','10456','PERSON','WRK','10515623@nwu.ac.za','Y','Y',NULL);
insert into KRIM_ENTITY_EMAIL_T (`ENTITY_EMAIL_ID`, `OBJ_ID`, `VER_NBR`, `ENTITY_ID`, `ENT_TYP_CD`, `EMAIL_TYP_CD`, `EMAIL_ADDR`, `DFLT_IND`, `ACTV_IND`, `LAST_UPDT_DT`) values('10096','39cfc879-0ca9-4e5f-b33f-464152610540','730','10493','PERSON','WRK','13293486@nwu.ac.za','Y','Y',NULL);
insert into KRIM_ENTITY_EMAIL_T (`ENTITY_EMAIL_ID`, `OBJ_ID`, `VER_NBR`, `ENTITY_ID`, `ENT_TYP_CD`, `EMAIL_TYP_CD`, `EMAIL_ADDR`, `DFLT_IND`, `ACTV_IND`, `LAST_UPDT_DT`) values('10114','e90a5239-3c62-4014-9710-89e7626bed48','407','10515','PERSON','WRK','mari.prinsloo@nwu.ac.za','Y','Y',NULL);
insert into KRIM_ENTITY_EMAIL_T (`ENTITY_EMAIL_ID`, `OBJ_ID`, `VER_NBR`, `ENTITY_ID`, `ENT_TYP_CD`, `EMAIL_TYP_CD`, `EMAIL_ADDR`, `DFLT_IND`, `ACTV_IND`, `LAST_UPDT_DT`) values('10194','539d0491-03a5-4a93-917c-3042f8914963','27','10607','PERSON','WRK','12795631@nwu.ac.za','Y','Y',NULL);
insert into KRIM_ENTITY_EMAIL_T (`ENTITY_EMAIL_ID`, `OBJ_ID`, `VER_NBR`, `ENTITY_ID`, `ENT_TYP_CD`, `EMAIL_TYP_CD`, `EMAIL_ADDR`, `DFLT_IND`, `ACTV_IND`, `LAST_UPDT_DT`) values('12133','a4fd3e36-4bf1-453e-ae53-a5fe70678990','22','13131','PERSON','WRK','10952918@nwu.ac.za','Y','Y',NULL);
insert into KRIM_ENTITY_EMAIL_T (`ENTITY_EMAIL_ID`, `OBJ_ID`, `VER_NBR`, `ENTITY_ID`, `ENT_TYP_CD`, `EMAIL_TYP_CD`, `EMAIL_ADDR`, `DFLT_IND`, `ACTV_IND`, `LAST_UPDT_DT`) values('12749','924beccb-bb7e-43ff-aa5f-a8fd2bfa93e5','20','14082','PERSON','WRK','12209139@nwu.ac.za','Y','Y',NULL);
insert into KRIM_ENTITY_EMAIL_T (`ENTITY_EMAIL_ID`, `OBJ_ID`, `VER_NBR`, `ENTITY_ID`, `ENT_TYP_CD`, `EMAIL_TYP_CD`, `EMAIL_ADDR`, `DFLT_IND`, `ACTV_IND`, `LAST_UPDT_DT`) values('12852','7dc9ae9b-2da2-4ffb-98f8-edd03b4dcad8','30','14236','PERSON','WRK','12324256@nwu.ac.za','Y','Y',NULL);
insert into KRIM_ENTITY_EMAIL_T (`ENTITY_EMAIL_ID`, `OBJ_ID`, `VER_NBR`, `ENTITY_ID`, `ENT_TYP_CD`, `EMAIL_TYP_CD`, `EMAIL_ADDR`, `DFLT_IND`, `ACTV_IND`, `LAST_UPDT_DT`) values('13825','bf0b0055-ec20-473a-99a7-f461ec97593f','25','15767','PERSON','WRK','13073656@nwu.ac.za','Y','Y',NULL);
insert into KRIM_ENTITY_EMAIL_T (`ENTITY_EMAIL_ID`, `OBJ_ID`, `VER_NBR`, `ENTITY_ID`, `ENT_TYP_CD`, `EMAIL_TYP_CD`, `EMAIL_ADDR`, `DFLT_IND`, `ACTV_IND`, `LAST_UPDT_DT`) values('13888','a8c4aad0-d912-40e6-bb97-a7830d70ba7b','19','15858','PERSON','WRK','13098241@nwu.ac.za','Y','Y',NULL);
insert into KRIM_ENTITY_EMAIL_T (`ENTITY_EMAIL_ID`, `OBJ_ID`, `VER_NBR`, `ENTITY_ID`, `ENT_TYP_CD`, `EMAIL_TYP_CD`, `EMAIL_ADDR`, `DFLT_IND`, `ACTV_IND`, `LAST_UPDT_DT`) values('15832','79d0821e-ad51-4f4f-94c5-8041eef87b7a','18','19116','PERSON','WRK','20670494@nwu.ac.za','Y','Y',NULL);
insert into KRIM_ENTITY_EMAIL_T (`ENTITY_EMAIL_ID`, `OBJ_ID`, `VER_NBR`, `ENTITY_ID`, `ENT_TYP_CD`, `EMAIL_TYP_CD`, `EMAIL_ADDR`, `DFLT_IND`, `ACTV_IND`, `LAST_UPDT_DT`) values('16607','0712b5c4-f100-4f57-9915-d9de19882fcf','30','20883','PERSON','WRK','dedewet@gmail.com','Y','Y',NULL);
insert into KRIM_ENTITY_EMAIL_T (`ENTITY_EMAIL_ID`, `OBJ_ID`, `VER_NBR`, `ENTITY_ID`, `ENT_TYP_CD`, `EMAIL_TYP_CD`, `EMAIL_ADDR`, `DFLT_IND`, `ACTV_IND`, `LAST_UPDT_DT`) values('17182','0fe8778f-8708-4d42-8423-c918b6243526','19','22524','PERSON','WRK','22282785@nwu.ac.za','Y','Y',NULL);
insert into KRIM_ENTITY_EMAIL_T (`ENTITY_EMAIL_ID`, `OBJ_ID`, `VER_NBR`, `ENTITY_ID`, `ENT_TYP_CD`, `EMAIL_TYP_CD`, `EMAIL_ADDR`, `DFLT_IND`, `ACTV_IND`, `LAST_UPDT_DT`) values('18026','2b54e046-6394-4d98-a389-2546a0f06cb5','85','24439','PERSON','WRK','20545770@nwu.ac.za','Y','Y',NULL);
insert into KRIM_ENTITY_EMAIL_T (`ENTITY_EMAIL_ID`, `OBJ_ID`, `VER_NBR`, `ENTITY_ID`, `ENT_TYP_CD`, `EMAIL_TYP_CD`, `EMAIL_ADDR`, `DFLT_IND`, `ACTV_IND`, `LAST_UPDT_DT`) values('18340','f269f2f7-18e7-4364-a5ff-90240de691e9','21','24884','PERSON','WRK','21717125@nwu.ac.za','Y','Y',NULL);
insert into KRIM_ENTITY_EMAIL_T (`ENTITY_EMAIL_ID`, `OBJ_ID`, `VER_NBR`, `ENTITY_ID`, `ENT_TYP_CD`, `EMAIL_TYP_CD`, `EMAIL_ADDR`, `DFLT_IND`, `ACTV_IND`, `LAST_UPDT_DT`) values('19079','e35f0dc5-82fd-46ff-972e-3a5ca34db440','35','26536','PERSON','WRK','21204748@nwu.ac.za','Y','Y',NULL);
insert into KRIM_ENTITY_EMAIL_T (`ENTITY_EMAIL_ID`, `OBJ_ID`, `VER_NBR`, `ENTITY_ID`, `ENT_TYP_CD`, `EMAIL_TYP_CD`, `EMAIL_ADDR`, `DFLT_IND`, `ACTV_IND`, `LAST_UPDT_DT`) values('19767','37e5add2-6272-4098-bd81-e85b38ee377e','13','27932','PERSON','WRK','24296546@nwu.ac.za','Y','Y',NULL);
insert into KRIM_ENTITY_EMAIL_T (`ENTITY_EMAIL_ID`, `OBJ_ID`, `VER_NBR`, `ENTITY_ID`, `ENT_TYP_CD`, `EMAIL_TYP_CD`, `EMAIL_ADDR`, `DFLT_IND`, `ACTV_IND`, `LAST_UPDT_DT`) values('10300','8d5aebb3-fa8f-4232-9571-e606e62a33b3','13','10737','PERSON','WRK','12927252@nwu.ac.za','Y','Y',NULL);

insert into KRIM_ENTITY_PHONE_T  (`ENTITY_PHONE_ID`, `OBJ_ID`, `VER_NBR`, `ENTITY_ID`, `ENT_TYP_CD`, `PHONE_TYP_CD`, `PHONE_NBR`, `PHONE_EXTN_NBR`, `POSTAL_CNTRY_CD`, `DFLT_IND`, `ACTV_IND`, `LAST_UPDT_DT`) values('10009','6e25feb2-dbf6-4ffb-b8f7-572d0f7c584c','51','10088','PERSON','WRK','0182994678',NULL,NULL,'Y','Y',NULL);
insert into KRIM_ENTITY_PHONE_T  (`ENTITY_PHONE_ID`, `OBJ_ID`, `VER_NBR`, `ENTITY_ID`, `ENT_TYP_CD`, `PHONE_TYP_CD`, `PHONE_NBR`, `PHONE_EXTN_NBR`, `POSTAL_CNTRY_CD`, `DFLT_IND`, `ACTV_IND`, `LAST_UPDT_DT`) values('10059','43c74fde-a1fa-4be8-9fc8-72178360e4a6','26','10182','PERSON','WRK','0182994684',NULL,NULL,'Y','Y',NULL);
insert into KRIM_ENTITY_PHONE_T  (`ENTITY_PHONE_ID`, `OBJ_ID`, `VER_NBR`, `ENTITY_ID`, `ENT_TYP_CD`, `PHONE_TYP_CD`, `PHONE_NBR`, `PHONE_EXTN_NBR`, `POSTAL_CNTRY_CD`, `DFLT_IND`, `ACTV_IND`, `LAST_UPDT_DT`) values('10213','6d58a177-7c44-4e33-903a-0529e6010b25','42','10456','PERSON','WRK','0182994667',NULL,NULL,'Y','Y',NULL);
insert into KRIM_ENTITY_PHONE_T  (`ENTITY_PHONE_ID`, `OBJ_ID`, `VER_NBR`, `ENTITY_ID`, `ENT_TYP_CD`, `PHONE_TYP_CD`, `PHONE_NBR`, `PHONE_EXTN_NBR`, `POSTAL_CNTRY_CD`, `DFLT_IND`, `ACTV_IND`, `LAST_UPDT_DT`) values('10283','427551f5-5016-4ddd-891d-82e17a2971b8','730','10493','PERSON','WRK','0182994679',NULL,NULL,'Y','Y',NULL);
insert into KRIM_ENTITY_PHONE_T  (`ENTITY_PHONE_ID`, `OBJ_ID`, `VER_NBR`, `ENTITY_ID`, `ENT_TYP_CD`, `PHONE_TYP_CD`, `PHONE_NBR`, `PHONE_EXTN_NBR`, `POSTAL_CNTRY_CD`, `DFLT_IND`, `ACTV_IND`, `LAST_UPDT_DT`) values('10344','f50e237c-10a7-4d23-8229-e563ea58bd34','407','10515','PERSON','WRK','0182994672',NULL,NULL,'Y','Y',NULL);
insert into KRIM_ENTITY_PHONE_T  (`ENTITY_PHONE_ID`, `OBJ_ID`, `VER_NBR`, `ENTITY_ID`, `ENT_TYP_CD`, `PHONE_TYP_CD`, `PHONE_NBR`, `PHONE_EXTN_NBR`, `POSTAL_CNTRY_CD`, `DFLT_IND`, `ACTV_IND`, `LAST_UPDT_DT`) values('10605','ff29b04e-378f-462d-8c90-556c607960b7','27','10607','PERSON','WRK','0182994673',NULL,NULL,'Y','Y',NULL);
insert into KRIM_ENTITY_PHONE_T  (`ENTITY_PHONE_ID`, `OBJ_ID`, `VER_NBR`, `ENTITY_ID`, `ENT_TYP_CD`, `PHONE_TYP_CD`, `PHONE_NBR`, `PHONE_EXTN_NBR`, `POSTAL_CNTRY_CD`, `DFLT_IND`, `ACTV_IND`, `LAST_UPDT_DT`) values('17921','9f88ac30-d1bd-4bd9-9adc-09af338f04bc','22','13131','PERSON','WRK','0182994680',NULL,NULL,'Y','Y',NULL);
insert into KRIM_ENTITY_PHONE_T  (`ENTITY_PHONE_ID`, `OBJ_ID`, `VER_NBR`, `ENTITY_ID`, `ENT_TYP_CD`, `PHONE_TYP_CD`, `PHONE_NBR`, `PHONE_EXTN_NBR`, `POSTAL_CNTRY_CD`, `DFLT_IND`, `ACTV_IND`, `LAST_UPDT_DT`) values('20925','a073dcaf-8756-4db0-8b71-f39c03b73ef8','20','14082','PERSON','WRK','0182994686',NULL,NULL,'Y','Y',NULL);
insert into KRIM_ENTITY_PHONE_T  (`ENTITY_PHONE_ID`, `OBJ_ID`, `VER_NBR`, `ENTITY_ID`, `ENT_TYP_CD`, `PHONE_TYP_CD`, `PHONE_NBR`, `PHONE_EXTN_NBR`, `POSTAL_CNTRY_CD`, `DFLT_IND`, `ACTV_IND`, `LAST_UPDT_DT`) values('21441','55c266dc-fe38-4f8e-a27e-f998b6caef6b','30','14236','PERSON','WRK','0182992685',NULL,NULL,'Y','Y',NULL);
insert into KRIM_ENTITY_PHONE_T  (`ENTITY_PHONE_ID`, `OBJ_ID`, `VER_NBR`, `ENTITY_ID`, `ENT_TYP_CD`, `PHONE_TYP_CD`, `PHONE_NBR`, `PHONE_EXTN_NBR`, `POSTAL_CNTRY_CD`, `DFLT_IND`, `ACTV_IND`, `LAST_UPDT_DT`) values('25164','f8377563-07f9-4dc0-ad23-212b3f33ca8e','41','15408','PERSON','WRK','0722453490',NULL,NULL,'Y','Y',NULL);
insert into KRIM_ENTITY_PHONE_T  (`ENTITY_PHONE_ID`, `OBJ_ID`, `VER_NBR`, `ENTITY_ID`, `ENT_TYP_CD`, `PHONE_TYP_CD`, `PHONE_NBR`, `PHONE_EXTN_NBR`, `POSTAL_CNTRY_CD`, `DFLT_IND`, `ACTV_IND`, `LAST_UPDT_DT`) values('26411','659b6e74-4fb1-4d4c-aab0-a6e1e4293f11','25','15767','PERSON','WRK','0182994674',NULL,NULL,'Y','Y',NULL);
insert into KRIM_ENTITY_PHONE_T  (`ENTITY_PHONE_ID`, `OBJ_ID`, `VER_NBR`, `ENTITY_ID`, `ENT_TYP_CD`, `PHONE_TYP_CD`, `PHONE_NBR`, `PHONE_EXTN_NBR`, `POSTAL_CNTRY_CD`, `DFLT_IND`, `ACTV_IND`, `LAST_UPDT_DT`) values('26707','73511c92-fa8f-4bf5-a31e-1689d846e879','19','15858','PERSON','WRK','0182994687',NULL,NULL,'Y','Y',NULL);
insert into KRIM_ENTITY_PHONE_T  (`ENTITY_PHONE_ID`, `OBJ_ID`, `VER_NBR`, `ENTITY_ID`, `ENT_TYP_CD`, `PHONE_TYP_CD`, `PHONE_NBR`, `PHONE_EXTN_NBR`, `POSTAL_CNTRY_CD`, `DFLT_IND`, `ACTV_IND`, `LAST_UPDT_DT`) values('35040','adff08fd-d1af-4f52-bef2-cc8c649eddf2','18','19116','PERSON','WRK','0182994670',NULL,NULL,'Y','Y',NULL);
insert into KRIM_ENTITY_PHONE_T  (`ENTITY_PHONE_ID`, `OBJ_ID`, `VER_NBR`, `ENTITY_ID`, `ENT_TYP_CD`, `PHONE_TYP_CD`, `PHONE_NBR`, `PHONE_EXTN_NBR`, `POSTAL_CNTRY_CD`, `DFLT_IND`, `ACTV_IND`, `LAST_UPDT_DT`) values('39375','e85a3367-9af3-465e-8cb2-50b0d6c10fd1','30','20883','PERSON','WRK','0182994134',NULL,NULL,'Y','Y',NULL);
insert into KRIM_ENTITY_PHONE_T  (`ENTITY_PHONE_ID`, `OBJ_ID`, `VER_NBR`, `ENTITY_ID`, `ENT_TYP_CD`, `PHONE_TYP_CD`, `PHONE_NBR`, `PHONE_EXTN_NBR`, `POSTAL_CNTRY_CD`, `DFLT_IND`, `ACTV_IND`, `LAST_UPDT_DT`) values('42738','f5ca5bcf-9b96-4628-a77e-5d99d78f873b','19','22524','PERSON','WRK','0182994681',NULL,NULL,'Y','Y',NULL);
insert into KRIM_ENTITY_PHONE_T  (`ENTITY_PHONE_ID`, `OBJ_ID`, `VER_NBR`, `ENTITY_ID`, `ENT_TYP_CD`, `PHONE_TYP_CD`, `PHONE_NBR`, `PHONE_EXTN_NBR`, `POSTAL_CNTRY_CD`, `DFLT_IND`, `ACTV_IND`, `LAST_UPDT_DT`) values('47278','0acb8bff-a1d9-4bb1-b955-f56f8b25da00','85','24439','PERSON','WRK','0182994660',NULL,NULL,'Y','Y',NULL);
insert into KRIM_ENTITY_PHONE_T  (`ENTITY_PHONE_ID`, `OBJ_ID`, `VER_NBR`, `ENTITY_ID`, `ENT_TYP_CD`, `PHONE_TYP_CD`, `PHONE_NBR`, `PHONE_EXTN_NBR`, `POSTAL_CNTRY_CD`, `DFLT_IND`, `ACTV_IND`, `LAST_UPDT_DT`) values('48565','116a4029-e212-468e-a85d-5f5c76e6b027','21','24884','PERSON','WRK','0182992130',NULL,NULL,'Y','Y',NULL);
insert into KRIM_ENTITY_PHONE_T  (`ENTITY_PHONE_ID`, `OBJ_ID`, `VER_NBR`, `ENTITY_ID`, `ENT_TYP_CD`, `PHONE_TYP_CD`, `PHONE_NBR`, `PHONE_EXTN_NBR`, `POSTAL_CNTRY_CD`, `DFLT_IND`, `ACTV_IND`, `LAST_UPDT_DT`) values('52629','f4cc2cc7-a18d-4f7f-a38f-a981a7f87e6f','35','26536','PERSON','WRK','0182992240',NULL,NULL,'Y','Y',NULL);
insert into KRIM_ENTITY_PHONE_T  (`ENTITY_PHONE_ID`, `OBJ_ID`, `VER_NBR`, `ENTITY_ID`, `ENT_TYP_CD`, `PHONE_TYP_CD`, `PHONE_NBR`, `PHONE_EXTN_NBR`, `POSTAL_CNTRY_CD`, `DFLT_IND`, `ACTV_IND`, `LAST_UPDT_DT`) values('56043','5204fc75-4247-4be8-90dd-35d4e40cb8d3','12','27932','PERSON','WRK','0182906386',NULL,NULL,'Y','Y',NULL);
insert into KRIM_ENTITY_PHONE_T  (`ENTITY_PHONE_ID`, `OBJ_ID`, `VER_NBR`, `ENTITY_ID`, `ENT_TYP_CD`, `PHONE_TYP_CD`, `PHONE_NBR`, `PHONE_EXTN_NBR`, `POSTAL_CNTRY_CD`, `DFLT_IND`, `ACTV_IND`, `LAST_UPDT_DT`) values('10993','44329f68-be58-4050-9cbe-03236dc59447','12','10737','PERSON','WRK','0182994675',NULL,NULL,'Y','Y',NULL);

insert into KRIM_ENTITY_ADDR_T  (`ENTITY_ADDR_ID`, `OBJ_ID`, `VER_NBR`, `ENTITY_ID`, `ENT_TYP_CD`, `ADDR_TYP_CD`, `ADDR_LINE_1`, `ADDR_LINE_2`, `ADDR_LINE_3`, `CITY`, `STATE_PVC_CD`, `POSTAL_CD`, `POSTAL_CNTRY_CD`, `DFLT_IND`, `ACTV_IND`, `LAST_UPDT_DT`, `ATTN_LINE`, `ADDR_FMT`, `MOD_DT`, `VALID_DT`, `VALID_IND`, `NOTE_MSG`) values('10008','f70acec1-5510-455c-89d1-7346bc1998f6','51','10088','PERSON','WRK','BUSSIE/INTERNAL BOX 0052',NULL,NULL,'POTCHEFSTROOM',NULL,'2520','ZA','Y','Y',NULL,NULL,NULL,NULL,NULL,'Y',NULL);
insert into KRIM_ENTITY_ADDR_T  (`ENTITY_ADDR_ID`, `OBJ_ID`, `VER_NBR`, `ENTITY_ID`, `ENT_TYP_CD`, `ADDR_TYP_CD`, `ADDR_LINE_1`, `ADDR_LINE_2`, `ADDR_LINE_3`, `CITY`, `STATE_PVC_CD`, `POSTAL_CD`, `POSTAL_CNTRY_CD`, `DFLT_IND`, `ACTV_IND`, `LAST_UPDT_DT`, `ATTN_LINE`, `ADDR_FMT`, `MOD_DT`, `VALID_DT`, `VALID_IND`, `NOTE_MSG`) values('10065','cffc5625-fb25-4b52-8969-98063bdc7b89','26','10182','PERSON','WRK','BUSSIE/INTERNAL BOX 0052',NULL,NULL,'POTCHEFSTROOM',NULL,'2520','ZA','Y','Y',NULL,NULL,NULL,NULL,NULL,'Y',NULL);
insert into KRIM_ENTITY_ADDR_T  (`ENTITY_ADDR_ID`, `OBJ_ID`, `VER_NBR`, `ENTITY_ID`, `ENT_TYP_CD`, `ADDR_TYP_CD`, `ADDR_LINE_1`, `ADDR_LINE_2`, `ADDR_LINE_3`, `CITY`, `STATE_PVC_CD`, `POSTAL_CD`, `POSTAL_CNTRY_CD`, `DFLT_IND`, `ACTV_IND`, `LAST_UPDT_DT`, `ATTN_LINE`, `ADDR_FMT`, `MOD_DT`, `VALID_DT`, `VALID_IND`, `NOTE_MSG`) values('10224','70fc607b-21b3-4804-b841-0be76028333f','42','10456','PERSON','WRK','BUSSIE/INTERNAL BOX 0052',NULL,NULL,'POTCHEFSTROOM',NULL,'2520','ZA','Y','Y',NULL,NULL,NULL,NULL,NULL,'Y',NULL);
insert into KRIM_ENTITY_ADDR_T  (`ENTITY_ADDR_ID`, `OBJ_ID`, `VER_NBR`, `ENTITY_ID`, `ENT_TYP_CD`, `ADDR_TYP_CD`, `ADDR_LINE_1`, `ADDR_LINE_2`, `ADDR_LINE_3`, `CITY`, `STATE_PVC_CD`, `POSTAL_CD`, `POSTAL_CNTRY_CD`, `DFLT_IND`, `ACTV_IND`, `LAST_UPDT_DT`, `ATTN_LINE`, `ADDR_FMT`, `MOD_DT`, `VALID_DT`, `VALID_IND`, `NOTE_MSG`) values('10299','dc0dbd64-b19e-48d2-94e0-92caebca4ee0','730','10493','PERSON','WRK','BUSSIE/INTERNAL BOX 0052',NULL,NULL,'POTCHEFSTROOM',NULL,'2520','ZA','Y','Y',NULL,NULL,NULL,NULL,NULL,'Y',NULL);
insert into KRIM_ENTITY_ADDR_T  (`ENTITY_ADDR_ID`, `OBJ_ID`, `VER_NBR`, `ENTITY_ID`, `ENT_TYP_CD`, `ADDR_TYP_CD`, `ADDR_LINE_1`, `ADDR_LINE_2`, `ADDR_LINE_3`, `CITY`, `STATE_PVC_CD`, `POSTAL_CD`, `POSTAL_CNTRY_CD`, `DFLT_IND`, `ACTV_IND`, `LAST_UPDT_DT`, `ATTN_LINE`, `ADDR_FMT`, `MOD_DT`, `VALID_DT`, `VALID_IND`, `NOTE_MSG`) values('10379','263828f5-8aa5-44c6-907c-e9d764491774','407','10515','PERSON','WRK','BUSSIE/INTERNAL BOX 0052',NULL,NULL,'POTCHEFSTROOM',NULL,'2520','ZA','Y','Y',NULL,NULL,NULL,NULL,NULL,'Y',NULL);
insert into KRIM_ENTITY_ADDR_T  (`ENTITY_ADDR_ID`, `OBJ_ID`, `VER_NBR`, `ENTITY_ID`, `ENT_TYP_CD`, `ADDR_TYP_CD`, `ADDR_LINE_1`, `ADDR_LINE_2`, `ADDR_LINE_3`, `CITY`, `STATE_PVC_CD`, `POSTAL_CD`, `POSTAL_CNTRY_CD`, `DFLT_IND`, `ACTV_IND`, `LAST_UPDT_DT`, `ATTN_LINE`, `ADDR_FMT`, `MOD_DT`, `VALID_DT`, `VALID_IND`, `NOTE_MSG`) values('10695','8486e333-92db-4bc9-895e-b0539fe95d42','27','10607','PERSON','WRK','BUSSIE/INTERNAL BOX 0052',NULL,NULL,'POTCHEFSTROOM',NULL,'2520','ZA','Y','Y',NULL,NULL,NULL,NULL,NULL,'Y',NULL);
insert into KRIM_ENTITY_ADDR_T  (`ENTITY_ADDR_ID`, `OBJ_ID`, `VER_NBR`, `ENTITY_ID`, `ENT_TYP_CD`, `ADDR_TYP_CD`, `ADDR_LINE_1`, `ADDR_LINE_2`, `ADDR_LINE_3`, `CITY`, `STATE_PVC_CD`, `POSTAL_CD`, `POSTAL_CNTRY_CD`, `DFLT_IND`, `ACTV_IND`, `LAST_UPDT_DT`, `ATTN_LINE`, `ADDR_FMT`, `MOD_DT`, `VALID_DT`, `VALID_IND`, `NOTE_MSG`) values('20138','73a65be1-52cb-44a9-b749-6a6adaf2dd24','22','13131','PERSON','WRK','BUSSIE/INTERNAL BOX 0052',NULL,NULL,'POTCHEFSTROOM',NULL,'2520','ZA','Y','Y',NULL,NULL,NULL,NULL,NULL,'Y',NULL);
insert into KRIM_ENTITY_ADDR_T  (`ENTITY_ADDR_ID`, `OBJ_ID`, `VER_NBR`, `ENTITY_ID`, `ENT_TYP_CD`, `ADDR_TYP_CD`, `ADDR_LINE_1`, `ADDR_LINE_2`, `ADDR_LINE_3`, `CITY`, `STATE_PVC_CD`, `POSTAL_CD`, `POSTAL_CNTRY_CD`, `DFLT_IND`, `ACTV_IND`, `LAST_UPDT_DT`, `ATTN_LINE`, `ADDR_FMT`, `MOD_DT`, `VALID_DT`, `VALID_IND`, `NOTE_MSG`) values('23642','deab1e21-bb9e-4bc3-ae14-a8d744e97677','20','14082','PERSON','WRK','BUSSIE/INTERNAL BOX 0052',NULL,NULL,'POTCHEFSTROOM',NULL,'2520','ZA','Y','Y',NULL,NULL,NULL,NULL,NULL,'Y',NULL);
insert into KRIM_ENTITY_ADDR_T  (`ENTITY_ADDR_ID`, `OBJ_ID`, `VER_NBR`, `ENTITY_ID`, `ENT_TYP_CD`, `ADDR_TYP_CD`, `ADDR_LINE_1`, `ADDR_LINE_2`, `ADDR_LINE_3`, `CITY`, `STATE_PVC_CD`, `POSTAL_CD`, `POSTAL_CNTRY_CD`, `DFLT_IND`, `ACTV_IND`, `LAST_UPDT_DT`, `ATTN_LINE`, `ADDR_FMT`, `MOD_DT`, `VALID_DT`, `VALID_IND`, `NOTE_MSG`) values('24227','f4ee46f8-65f7-4db7-a9a5-bbd3b4672bda','30','14236','PERSON','WRK','BUSSIE/INTERNAL BOX 0529',NULL,NULL,'POTCHEFSTROOM',NULL,'2520','ZA','Y','Y',NULL,NULL,NULL,NULL,NULL,'Y',NULL);
insert into KRIM_ENTITY_ADDR_T  (`ENTITY_ADDR_ID`, `OBJ_ID`, `VER_NBR`, `ENTITY_ID`, `ENT_TYP_CD`, `ADDR_TYP_CD`, `ADDR_LINE_1`, `ADDR_LINE_2`, `ADDR_LINE_3`, `CITY`, `STATE_PVC_CD`, `POSTAL_CD`, `POSTAL_CNTRY_CD`, `DFLT_IND`, `ACTV_IND`, `LAST_UPDT_DT`, `ATTN_LINE`, `ADDR_FMT`, `MOD_DT`, `VALID_DT`, `VALID_IND`, `NOTE_MSG`) values('28592','1af56e66-ee6d-4268-bd65-a977fd4f1a4a','41','15408','PERSON','WRK','BUSSIE/INTERNAL BOX 0052',NULL,NULL,'POTCHEFSTROOM',NULL,'2520','ZA','Y','Y',NULL,NULL,NULL,NULL,NULL,'Y',NULL);
insert into KRIM_ENTITY_ADDR_T  (`ENTITY_ADDR_ID`, `OBJ_ID`, `VER_NBR`, `ENTITY_ID`, `ENT_TYP_CD`, `ADDR_TYP_CD`, `ADDR_LINE_1`, `ADDR_LINE_2`, `ADDR_LINE_3`, `CITY`, `STATE_PVC_CD`, `POSTAL_CD`, `POSTAL_CNTRY_CD`, `DFLT_IND`, `ACTV_IND`, `LAST_UPDT_DT`, `ATTN_LINE`, `ADDR_FMT`, `MOD_DT`, `VALID_DT`, `VALID_IND`, `NOTE_MSG`) values('29952','94fd2ce7-f667-47ef-bee9-c2335de4c391','25','15767','PERSON','WRK','BUSSIE/INTERNAL BOX 0052',NULL,NULL,'POTCHEFSTROOM',NULL,'2520','ZA','Y','Y',NULL,NULL,NULL,NULL,NULL,'Y',NULL);
insert into KRIM_ENTITY_ADDR_T  (`ENTITY_ADDR_ID`, `OBJ_ID`, `VER_NBR`, `ENTITY_ID`, `ENT_TYP_CD`, `ADDR_TYP_CD`, `ADDR_LINE_1`, `ADDR_LINE_2`, `ADDR_LINE_3`, `CITY`, `STATE_PVC_CD`, `POSTAL_CD`, `POSTAL_CNTRY_CD`, `DFLT_IND`, `ACTV_IND`, `LAST_UPDT_DT`, `ATTN_LINE`, `ADDR_FMT`, `MOD_DT`, `VALID_DT`, `VALID_IND`, `NOTE_MSG`) values('30299','70c797fd-1ec3-4298-bdc1-2cf09f54293d','19','15858','PERSON','WRK','BUSSIE/INTERNAL BOX 0052',NULL,NULL,'POTCHEFSTROOM',NULL,'2520','ZA','Y','Y',NULL,NULL,NULL,NULL,NULL,'Y',NULL);
insert into KRIM_ENTITY_ADDR_T  (`ENTITY_ADDR_ID`, `OBJ_ID`, `VER_NBR`, `ENTITY_ID`, `ENT_TYP_CD`, `ADDR_TYP_CD`, `ADDR_LINE_1`, `ADDR_LINE_2`, `ADDR_LINE_3`, `CITY`, `STATE_PVC_CD`, `POSTAL_CD`, `POSTAL_CNTRY_CD`, `DFLT_IND`, `ACTV_IND`, `LAST_UPDT_DT`, `ATTN_LINE`, `ADDR_FMT`, `MOD_DT`, `VALID_DT`, `VALID_IND`, `NOTE_MSG`) values('42277','a7f3e622-7f55-4974-a1d0-38f848ff1101','18','19116','PERSON','WRK','BUSSIE/INTERNAL BOX 0052',NULL,NULL,'POTCHEFSTROOM',NULL,'2520','ZA','Y','Y',NULL,NULL,NULL,NULL,NULL,'Y',NULL);
insert into KRIM_ENTITY_ADDR_T  (`ENTITY_ADDR_ID`, `OBJ_ID`, `VER_NBR`, `ENTITY_ID`, `ENT_TYP_CD`, `ADDR_TYP_CD`, `ADDR_LINE_1`, `ADDR_LINE_2`, `ADDR_LINE_3`, `CITY`, `STATE_PVC_CD`, `POSTAL_CD`, `POSTAL_CNTRY_CD`, `DFLT_IND`, `ACTV_IND`, `LAST_UPDT_DT`, `ATTN_LINE`, `ADDR_FMT`, `MOD_DT`, `VALID_DT`, `VALID_IND`, `NOTE_MSG`) values('48238','5cc2257b-5441-4676-b852-17b75ff89296','30','20883','PERSON','WRK','BUSSIE/INTERNAL BOX 0052',NULL,NULL,'POTCHEFSTROOM',NULL,'2520','ZA','Y','Y',NULL,NULL,NULL,NULL,NULL,'Y',NULL);
insert into KRIM_ENTITY_ADDR_T  (`ENTITY_ADDR_ID`, `OBJ_ID`, `VER_NBR`, `ENTITY_ID`, `ENT_TYP_CD`, `ADDR_TYP_CD`, `ADDR_LINE_1`, `ADDR_LINE_2`, `ADDR_LINE_3`, `CITY`, `STATE_PVC_CD`, `POSTAL_CD`, `POSTAL_CNTRY_CD`, `DFLT_IND`, `ACTV_IND`, `LAST_UPDT_DT`, `ATTN_LINE`, `ADDR_FMT`, `MOD_DT`, `VALID_DT`, `VALID_IND`, `NOTE_MSG`) values('53288','0c34ea5c-5e29-4554-8cb0-c5aa9c88a82b','19','22524','PERSON','WRK','BUSSIE/INTERNAL BOX 0052',NULL,NULL,'POTCHEFSTROOM',NULL,'2520','ZA','Y','Y',NULL,NULL,NULL,NULL,NULL,'Y',NULL);
insert into KRIM_ENTITY_ADDR_T  (`ENTITY_ADDR_ID`, `OBJ_ID`, `VER_NBR`, `ENTITY_ID`, `ENT_TYP_CD`, `ADDR_TYP_CD`, `ADDR_LINE_1`, `ADDR_LINE_2`, `ADDR_LINE_3`, `CITY`, `STATE_PVC_CD`, `POSTAL_CD`, `POSTAL_CNTRY_CD`, `DFLT_IND`, `ACTV_IND`, `LAST_UPDT_DT`, `ATTN_LINE`, `ADDR_FMT`, `MOD_DT`, `VALID_DT`, `VALID_IND`, `NOTE_MSG`) values('58678','c735bc66-06e6-48d1-8e95-3166a5814086','85','24439','PERSON','WRK','BUSSIE/INTERNAL BOX 0052',NULL,NULL,'POTCHEFSTROOM',NULL,'2520','ZA','Y','Y',NULL,NULL,NULL,NULL,NULL,'Y',NULL);
insert into KRIM_ENTITY_ADDR_T  (`ENTITY_ADDR_ID`, `OBJ_ID`, `VER_NBR`, `ENTITY_ID`, `ENT_TYP_CD`, `ADDR_TYP_CD`, `ADDR_LINE_1`, `ADDR_LINE_2`, `ADDR_LINE_3`, `CITY`, `STATE_PVC_CD`, `POSTAL_CD`, `POSTAL_CNTRY_CD`, `DFLT_IND`, `ACTV_IND`, `LAST_UPDT_DT`, `ATTN_LINE`, `ADDR_FMT`, `MOD_DT`, `VALID_DT`, `VALID_IND`, `NOTE_MSG`) values('69585','2a3325d5-ef58-4329-b23e-40921f66adb6','12','24884','PERSON','WRK','BUSSIE/INTERNAL BOX 0052',NULL,NULL,'POTCHEFSTROOM',NULL,'2520','ZA','Y','Y',NULL,NULL,NULL,NULL,NULL,'Y',NULL);
insert into KRIM_ENTITY_ADDR_T  (`ENTITY_ADDR_ID`, `OBJ_ID`, `VER_NBR`, `ENTITY_ID`, `ENT_TYP_CD`, `ADDR_TYP_CD`, `ADDR_LINE_1`, `ADDR_LINE_2`, `ADDR_LINE_3`, `CITY`, `STATE_PVC_CD`, `POSTAL_CD`, `POSTAL_CNTRY_CD`, `DFLT_IND`, `ACTV_IND`, `LAST_UPDT_DT`, `ATTN_LINE`, `ADDR_FMT`, `MOD_DT`, `VALID_DT`, `VALID_IND`, `NOTE_MSG`) values('65571','b07b8329-fc8d-4638-a345-3ff421fd5117','35','26536','PERSON','WRK','BUSSIE/INTERNAL BOX 0052',NULL,NULL,'POTCHEFSTROOM',NULL,'2520','ZA','Y','Y',NULL,NULL,NULL,NULL,NULL,'Y',NULL);
insert into KRIM_ENTITY_ADDR_T  (`ENTITY_ADDR_ID`, `OBJ_ID`, `VER_NBR`, `ENTITY_ID`, `ENT_TYP_CD`, `ADDR_TYP_CD`, `ADDR_LINE_1`, `ADDR_LINE_2`, `ADDR_LINE_3`, `CITY`, `STATE_PVC_CD`, `POSTAL_CD`, `POSTAL_CNTRY_CD`, `DFLT_IND`, `ACTV_IND`, `LAST_UPDT_DT`, `ATTN_LINE`, `ADDR_FMT`, `MOD_DT`, `VALID_DT`, `VALID_IND`, `NOTE_MSG`) values('70548','cba955fa-9d75-4a6e-ad0c-bdb915e36349','12','27932','PERSON','WRK','BUSSIE/INTERNAL BOX 0052',NULL,NULL,'POTCHEFSTROOM',NULL,'2520','ZA','Y','Y',NULL,NULL,NULL,NULL,NULL,'Y',NULL);
insert into KRIM_ENTITY_ADDR_T  (`ENTITY_ADDR_ID`, `OBJ_ID`, `VER_NBR`, `ENTITY_ID`, `ENT_TYP_CD`, `ADDR_TYP_CD`, `ADDR_LINE_1`, `ADDR_LINE_2`, `ADDR_LINE_3`, `CITY`, `STATE_PVC_CD`, `POSTAL_CD`, `POSTAL_CNTRY_CD`, `DFLT_IND`, `ACTV_IND`, `LAST_UPDT_DT`, `ATTN_LINE`, `ADDR_FMT`, `MOD_DT`, `VALID_DT`, `VALID_IND`, `NOTE_MSG`) values('11187','0550c424-bf13-4746-b9ee-a630eb7424e1','12','10737','PERSON','WRK','BUSSIE/INTERNAL BOX 0052',NULL,NULL,'POTCHEFSTROOM',NULL,'2520','ZA','Y','Y',NULL,NULL,NULL,NULL,NULL,'Y',NULL);

insert into KRIM_ENTITY_EMP_INFO_T (`ENTITY_EMP_ID`, `OBJ_ID`, `VER_NBR`, `ENTITY_ID`, `ENTITY_AFLTN_ID`, `EMP_STAT_CD`, `EMP_TYP_CD`, `BASE_SLRY_AMT`, `PRMRY_IND`, `ACTV_IND`, `LAST_UPDT_DT`, `PRMRY_DEPT_CD`, `EMP_ID`, `EMP_REC_ID`) values('10088','982b04f0-e7d5-11e2-a8ea-005056a2001a','1','10088','10034','A','P','0.00','Y','Y',NULL,NULL,'10000372','1');
insert into KRIM_ENTITY_EMP_INFO_T (`ENTITY_EMP_ID`, `OBJ_ID`, `VER_NBR`, `ENTITY_ID`, `ENTITY_AFLTN_ID`, `EMP_STAT_CD`, `EMP_TYP_CD`, `BASE_SLRY_AMT`, `PRMRY_IND`, `ACTV_IND`, `LAST_UPDT_DT`, `PRMRY_DEPT_CD`, `EMP_ID`, `EMP_REC_ID`) values('10182','982b0e8c-e7d5-11e2-a8ea-005056a2001a','1','10182','10100','A','P','0.00','Y','Y',NULL,NULL,'22931902','1');
insert into KRIM_ENTITY_EMP_INFO_T (`ENTITY_EMP_ID`, `OBJ_ID`, `VER_NBR`, `ENTITY_ID`, `ENTITY_AFLTN_ID`, `EMP_STAT_CD`, `EMP_TYP_CD`, `BASE_SLRY_AMT`, `PRMRY_IND`, `ACTV_IND`, `LAST_UPDT_DT`, `PRMRY_DEPT_CD`, `EMP_ID`, `EMP_REC_ID`) values('10456','982b163e-e7d5-11e2-a8ea-005056a2001a','1','10456','10347','A','P','0.00','Y','Y',NULL,NULL,'10515623','1');
insert into KRIM_ENTITY_EMP_INFO_T (`ENTITY_EMP_ID`, `OBJ_ID`, `VER_NBR`, `ENTITY_ID`, `ENTITY_AFLTN_ID`, `EMP_STAT_CD`, `EMP_TYP_CD`, `BASE_SLRY_AMT`, `PRMRY_IND`, `ACTV_IND`, `LAST_UPDT_DT`, `PRMRY_DEPT_CD`, `EMP_ID`, `EMP_REC_ID`) values('10493','982b1c88-e7d5-11e2-a8ea-005056a2001a','1','10493','10413','A','P','0.00','Y','Y',NULL,NULL,'13293486','1');
insert into KRIM_ENTITY_EMP_INFO_T (`ENTITY_EMP_ID`, `OBJ_ID`, `VER_NBR`, `ENTITY_ID`, `ENTITY_AFLTN_ID`, `EMP_STAT_CD`, `EMP_TYP_CD`, `BASE_SLRY_AMT`, `PRMRY_IND`, `ACTV_IND`, `LAST_UPDT_DT`, `PRMRY_DEPT_CD`, `EMP_ID`, `EMP_REC_ID`) values('10515','982b22a0-e7d5-11e2-a8ea-005056a2001a','1','10515','10470','A','P','0.00','Y','Y',NULL,NULL,'10000445','1');
insert into KRIM_ENTITY_EMP_INFO_T (`ENTITY_EMP_ID`, `OBJ_ID`, `VER_NBR`, `ENTITY_ID`, `ENTITY_AFLTN_ID`, `EMP_STAT_CD`, `EMP_TYP_CD`, `BASE_SLRY_AMT`, `PRMRY_IND`, `ACTV_IND`, `LAST_UPDT_DT`, `PRMRY_DEPT_CD`, `EMP_ID`, `EMP_REC_ID`) values('10607','982b2598-e7d5-11e2-a8ea-005056a2001a','1','10607','10735','A','P','0.00','Y','Y',NULL,NULL,'12795631','1');
insert into KRIM_ENTITY_EMP_INFO_T (`ENTITY_EMP_ID`, `OBJ_ID`, `VER_NBR`, `ENTITY_ID`, `ENTITY_AFLTN_ID`, `EMP_STAT_CD`, `EMP_TYP_CD`, `BASE_SLRY_AMT`, `PRMRY_IND`, `ACTV_IND`, `LAST_UPDT_DT`, `PRMRY_DEPT_CD`, `EMP_ID`, `EMP_REC_ID`) values('13131','982b2ba6-e7d5-11e2-a8ea-005056a2001a','1','13131','18988','A','P','0.00','Y','Y',NULL,NULL,'10952918','1');
insert into KRIM_ENTITY_EMP_INFO_T (`ENTITY_EMP_ID`, `OBJ_ID`, `VER_NBR`, `ENTITY_ID`, `ENTITY_AFLTN_ID`, `EMP_STAT_CD`, `EMP_TYP_CD`, `BASE_SLRY_AMT`, `PRMRY_IND`, `ACTV_IND`, `LAST_UPDT_DT`, `PRMRY_DEPT_CD`, `EMP_ID`, `EMP_REC_ID`) values('14082','982b2e44-e7d5-11e2-a8ea-005056a2001a','1','14082','21849','A','P','0.00','Y','Y',NULL,NULL,'12209139','1');
insert into KRIM_ENTITY_EMP_INFO_T (`ENTITY_EMP_ID`, `OBJ_ID`, `VER_NBR`, `ENTITY_ID`, `ENTITY_AFLTN_ID`, `EMP_STAT_CD`, `EMP_TYP_CD`, `BASE_SLRY_AMT`, `PRMRY_IND`, `ACTV_IND`, `LAST_UPDT_DT`, `PRMRY_DEPT_CD`, `EMP_ID`, `EMP_REC_ID`) values('14236','982b30f6-e7d5-11e2-a8ea-005056a2001a','1','14236','63481','A','P','0.00','Y','Y',NULL,NULL,'12324256','1');
insert into KRIM_ENTITY_EMP_INFO_T (`ENTITY_EMP_ID`, `OBJ_ID`, `VER_NBR`, `ENTITY_ID`, `ENTITY_AFLTN_ID`, `EMP_STAT_CD`, `EMP_TYP_CD`, `BASE_SLRY_AMT`, `PRMRY_IND`, `ACTV_IND`, `LAST_UPDT_DT`, `PRMRY_DEPT_CD`, `EMP_ID`, `EMP_REC_ID`) values('15408','982b3538-e7d5-11e2-a8ea-005056a2001a','1','15408','25797','A','P','0.00','Y','Y',NULL,NULL,'12975672','1');
insert into KRIM_ENTITY_EMP_INFO_T (`ENTITY_EMP_ID`, `OBJ_ID`, `VER_NBR`, `ENTITY_ID`, `ENTITY_AFLTN_ID`, `EMP_STAT_CD`, `EMP_TYP_CD`, `BASE_SLRY_AMT`, `PRMRY_IND`, `ACTV_IND`, `LAST_UPDT_DT`, `PRMRY_DEPT_CD`, `EMP_ID`, `EMP_REC_ID`) values('15767','982b392a-e7d5-11e2-a8ea-005056a2001a','1','15767','27040','A','P','0.00','Y','Y',NULL,NULL,'13073656','1');
insert into KRIM_ENTITY_EMP_INFO_T (`ENTITY_EMP_ID`, `OBJ_ID`, `VER_NBR`, `ENTITY_ID`, `ENTITY_AFLTN_ID`, `EMP_STAT_CD`, `EMP_TYP_CD`, `BASE_SLRY_AMT`, `PRMRY_IND`, `ACTV_IND`, `LAST_UPDT_DT`, `PRMRY_DEPT_CD`, `EMP_ID`, `EMP_REC_ID`) values('15858','982b42e4-e7d5-11e2-a8ea-005056a2001a','1','15858','27336','A','P','0.00','Y','Y',NULL,NULL,'13098241','1');
insert into KRIM_ENTITY_EMP_INFO_T (`ENTITY_EMP_ID`, `OBJ_ID`, `VER_NBR`, `ENTITY_ID`, `ENTITY_AFLTN_ID`, `EMP_STAT_CD`, `EMP_TYP_CD`, `BASE_SLRY_AMT`, `PRMRY_IND`, `ACTV_IND`, `LAST_UPDT_DT`, `PRMRY_DEPT_CD`, `EMP_ID`, `EMP_REC_ID`) values('19116','982b4c80-e7d5-11e2-a8ea-005056a2001a','1','19116','37881','A','P','0.00','Y','Y',NULL,NULL,'20670494','1');
insert into KRIM_ENTITY_EMP_INFO_T (`ENTITY_EMP_ID`, `OBJ_ID`, `VER_NBR`, `ENTITY_ID`, `ENTITY_AFLTN_ID`, `EMP_STAT_CD`, `EMP_TYP_CD`, `BASE_SLRY_AMT`, `PRMRY_IND`, `ACTV_IND`, `LAST_UPDT_DT`, `PRMRY_DEPT_CD`, `EMP_ID`, `EMP_REC_ID`) values('20883','982b504a-e7d5-11e2-a8ea-005056a2001a','1','20883','42714','A','P','0.00','Y','Y',NULL,NULL,'21310823','1');
insert into KRIM_ENTITY_EMP_INFO_T (`ENTITY_EMP_ID`, `OBJ_ID`, `VER_NBR`, `ENTITY_ID`, `ENTITY_AFLTN_ID`, `EMP_STAT_CD`, `EMP_TYP_CD`, `BASE_SLRY_AMT`, `PRMRY_IND`, `ACTV_IND`, `LAST_UPDT_DT`, `PRMRY_DEPT_CD`, `EMP_ID`, `EMP_REC_ID`) values('22524','982b537e-e7d5-11e2-a8ea-005056a2001a','1','22524','46489','A','P','0.00','Y','Y',NULL,NULL,'22282785','1');
insert into KRIM_ENTITY_EMP_INFO_T (`ENTITY_EMP_ID`, `OBJ_ID`, `VER_NBR`, `ENTITY_ID`, `ENTITY_AFLTN_ID`, `EMP_STAT_CD`, `EMP_TYP_CD`, `BASE_SLRY_AMT`, `PRMRY_IND`, `ACTV_IND`, `LAST_UPDT_DT`, `PRMRY_DEPT_CD`, `EMP_ID`, `EMP_REC_ID`) values('24439','982b57b6-e7d5-11e2-a8ea-005056a2001a','1','24439','69035','A','P','0.00','Y','Y',NULL,NULL,'20545770','1');
insert into KRIM_ENTITY_EMP_INFO_T (`ENTITY_EMP_ID`, `OBJ_ID`, `VER_NBR`, `ENTITY_ID`, `ENTITY_AFLTN_ID`, `EMP_STAT_CD`, `EMP_TYP_CD`, `BASE_SLRY_AMT`, `PRMRY_IND`, `ACTV_IND`, `LAST_UPDT_DT`, `PRMRY_DEPT_CD`, `EMP_ID`, `EMP_REC_ID`) values('24884','982b5cf2-e7d5-11e2-a8ea-005056a2001a','1','24884','148772','A','P','0.00','Y','Y',NULL,NULL,'21717125','1');
insert into KRIM_ENTITY_EMP_INFO_T (`ENTITY_EMP_ID`, `OBJ_ID`, `VER_NBR`, `ENTITY_ID`, `ENTITY_AFLTN_ID`, `EMP_STAT_CD`, `EMP_TYP_CD`, `BASE_SLRY_AMT`, `PRMRY_IND`, `ACTV_IND`, `LAST_UPDT_DT`, `PRMRY_DEPT_CD`, `EMP_ID`, `EMP_REC_ID`) values('26536','982b61de-e7d5-11e2-a8ea-005056a2001a','1','26536','94865','A','P','0.00','Y','Y',NULL,NULL,'21204748','1');
insert into KRIM_ENTITY_EMP_INFO_T (`ENTITY_EMP_ID`, `OBJ_ID`, `VER_NBR`, `ENTITY_ID`, `ENTITY_AFLTN_ID`, `EMP_STAT_CD`, `EMP_TYP_CD`, `BASE_SLRY_AMT`, `PRMRY_IND`, `ACTV_IND`, `LAST_UPDT_DT`, `PRMRY_DEPT_CD`, `EMP_ID`, `EMP_REC_ID`) values('27932','982b6bc0-e7d5-11e2-a8ea-005056a2001a','1','27932','148802','A','P','0.00','Y','Y',NULL,NULL,'24296546','1');
 insert into KRIM_ENTITY_EMP_INFO_T (`ENTITY_EMP_ID`, `OBJ_ID`, `VER_NBR`, `ENTITY_ID`, `ENTITY_AFLTN_ID`, `EMP_STAT_CD`, `EMP_TYP_CD`, `BASE_SLRY_AMT`, `PRMRY_IND`, `ACTV_IND`, `LAST_UPDT_DT`, `PRMRY_DEPT_CD`, `EMP_ID`, `EMP_REC_ID`) values('10737','c2007a14-e8be-11e2-a8ea-005056a2001a','1','10737','11145','A','P','0.00','Y','Y',NULL,NULL,'12927252','1');